{
"meta":{"test_sets":[],"test_metrics":[],"learn_metrics":[{"best_value":"Min","name":"RMSE"}],"launch_mode":"Train","parameters":"","iteration_count":1000,"learn_sets":["learn"],"name":"experiment"},
"iterations":[
{"learn":[11184.06948],"iteration":0,"passed_time":0.1477622676,"remaining_time":147.6145053},
{"learn":[10690.21385],"iteration":1,"passed_time":0.154090356,"remaining_time":76.89108764},
{"learn":[10221.10119],"iteration":2,"passed_time":0.1610297635,"remaining_time":53.51555808},
{"learn":[9778.806726],"iteration":3,"passed_time":0.1666166325,"remaining_time":41.48754148},
{"learn":[9382.645405],"iteration":4,"passed_time":0.1722273909,"remaining_time":34.2732508},
{"learn":[8989.929059],"iteration":5,"passed_time":0.1776024439,"remaining_time":29.42280487},
{"learn":[8628.489265],"iteration":6,"passed_time":0.1833381166,"remaining_time":26.0078214},
{"learn":[8280.917906],"iteration":7,"passed_time":0.1896361875,"remaining_time":23.51488726},
{"learn":[7950.547605],"iteration":8,"passed_time":0.1950525144,"remaining_time":21.47744909},
{"learn":[7636.773537],"iteration":9,"passed_time":0.2020119431,"remaining_time":19.99918237},
{"learn":[7349.60847],"iteration":10,"passed_time":0.2086069922,"remaining_time":18.75566503},
{"learn":[7084.045726],"iteration":11,"passed_time":0.2144094469,"remaining_time":17.65304446},
{"learn":[6842.706093],"iteration":12,"passed_time":0.2193550454,"remaining_time":16.65410999},
{"learn":[6608.024474],"iteration":13,"passed_time":0.2242119937,"remaining_time":15.79093042},
{"learn":[6387.728573],"iteration":14,"passed_time":0.2292775745,"remaining_time":15.05589406},
{"learn":[6170.135489],"iteration":15,"passed_time":0.2344393597,"remaining_time":14.41802062},
{"learn":[5973.913307],"iteration":16,"passed_time":0.2398621496,"remaining_time":13.86967606},
{"learn":[5780.471304],"iteration":17,"passed_time":0.2453372053,"remaining_time":13.38450754},
{"learn":[5611.728909],"iteration":18,"passed_time":0.2508541243,"remaining_time":12.95199452},
{"learn":[5442.351378],"iteration":19,"passed_time":0.2560765158,"remaining_time":12.54774928},
{"learn":[5286.717637],"iteration":20,"passed_time":0.26149872,"remaining_time":12.19082128},
{"learn":[5137.65129],"iteration":21,"passed_time":0.2674500006,"remaining_time":11.88936821},
{"learn":[4990.792367],"iteration":22,"passed_time":0.2719843982,"remaining_time":11.55342422},
{"learn":[4861.300983],"iteration":23,"passed_time":0.2765643438,"remaining_time":11.24694998},
{"learn":[4739.619439],"iteration":24,"passed_time":0.2813768795,"remaining_time":10.9736983},
{"learn":[4618.7488],"iteration":25,"passed_time":0.2863819429,"remaining_time":10.72830817},
{"learn":[4506.454878],"iteration":26,"passed_time":0.2915466219,"remaining_time":10.50647641},
{"learn":[4401.20659],"iteration":27,"passed_time":0.296869834,"remaining_time":10.30562424},
{"learn":[4305.625734],"iteration":28,"passed_time":0.3021754734,"remaining_time":10.11766844},
{"learn":[4207.050776],"iteration":29,"passed_time":0.30788822,"remaining_time":9.955052446},
{"learn":[4124.004626],"iteration":30,"passed_time":0.3130194485,"remaining_time":9.784382115},
{"learn":[4040.193625],"iteration":31,"passed_time":0.3180210464,"remaining_time":9.620136653},
{"learn":[3968.097646],"iteration":32,"passed_time":0.3233340188,"remaining_time":9.474666552},
{"learn":[3896.910697],"iteration":33,"passed_time":0.3283697256,"remaining_time":9.329563379},
{"learn":[3827.669591],"iteration":34,"passed_time":0.3334979725,"remaining_time":9.195015526},
{"learn":[3764.437879],"iteration":35,"passed_time":0.3386622185,"remaining_time":9.068621628},
{"learn":[3703.887662],"iteration":36,"passed_time":0.3436464886,"remaining_time":8.944096446},
{"learn":[3642.185558],"iteration":37,"passed_time":0.3489563263,"remaining_time":8.834104892},
{"learn":[3593.413192],"iteration":38,"passed_time":0.3541267828,"remaining_time":8.726047136},
{"learn":[3541.679996],"iteration":39,"passed_time":0.3591513919,"remaining_time":8.619633406},
{"learn":[3493.40819],"iteration":40,"passed_time":0.3640185627,"remaining_time":8.514482967},
{"learn":[3453.48748],"iteration":41,"passed_time":0.3690994547,"remaining_time":8.418982799},
{"learn":[3410.530832],"iteration":42,"passed_time":0.3737850723,"remaining_time":8.318891028},
{"learn":[3370.680902],"iteration":43,"passed_time":0.3789985412,"remaining_time":8.234604667},
{"learn":[3333.475797],"iteration":44,"passed_time":0.3843229617,"remaining_time":8.156187298},
{"learn":[3296.760458],"iteration":45,"passed_time":0.3896894383,"remaining_time":8.08182009},
{"learn":[3264.037701],"iteration":46,"passed_time":0.396456217,"remaining_time":8.038782443},
{"learn":[3232.474143],"iteration":47,"passed_time":0.4033261324,"remaining_time":7.999301626},
{"learn":[3196.754616],"iteration":48,"passed_time":0.4093156644,"remaining_time":7.944065242},
{"learn":[3169.578595],"iteration":49,"passed_time":0.4151536869,"remaining_time":7.887920051},
{"learn":[3145.259575],"iteration":50,"passed_time":0.4206286908,"remaining_time":7.826992698},
{"learn":[3121.955975],"iteration":51,"passed_time":0.4265936606,"remaining_time":7.777130581},
{"learn":[3103.93353],"iteration":52,"passed_time":0.4322474759,"remaining_time":7.723365276},
{"learn":[3081.547418],"iteration":53,"passed_time":0.4385211011,"remaining_time":7.682240031},
{"learn":[3058.207878],"iteration":54,"passed_time":0.4441955931,"remaining_time":7.632087917},
{"learn":[3040.691831],"iteration":55,"passed_time":0.4500390932,"remaining_time":7.586373285},
{"learn":[3023.658251],"iteration":56,"passed_time":0.4556594082,"remaining_time":7.538365298},
{"learn":[3007.325514],"iteration":57,"passed_time":0.461265808,"remaining_time":7.491592951},
{"learn":[2990.481156],"iteration":58,"passed_time":0.4670277886,"remaining_time":7.448697442},
{"learn":[2972.328331],"iteration":59,"passed_time":0.4724207238,"remaining_time":7.401258007},
{"learn":[2959.743144],"iteration":60,"passed_time":0.4781112539,"remaining_time":7.359778154},
{"learn":[2946.592364],"iteration":61,"passed_time":0.4834061624,"remaining_time":7.313467425},
{"learn":[2934.986936],"iteration":62,"passed_time":0.4889494001,"remaining_time":7.272152188},
{"learn":[2920.662596],"iteration":63,"passed_time":0.4939352521,"remaining_time":7.223803063},
{"learn":[2905.99136],"iteration":64,"passed_time":0.5000684623,"remaining_time":7.193292496},
{"learn":[2890.815056],"iteration":65,"passed_time":0.506328811,"remaining_time":7.16531984},
{"learn":[2881.810515],"iteration":66,"passed_time":0.5118840532,"remaining_time":7.128176442},
{"learn":[2869.983867],"iteration":67,"passed_time":0.5174433189,"remaining_time":7.092017253},
{"learn":[2856.968578],"iteration":68,"passed_time":0.5230557865,"remaining_time":7.057462858},
{"learn":[2847.667781],"iteration":69,"passed_time":0.5285192582,"remaining_time":7.021755859},
{"learn":[2838.307454],"iteration":70,"passed_time":0.5339877999,"remaining_time":6.986967128},
{"learn":[2831.591648],"iteration":71,"passed_time":0.5391564094,"remaining_time":6.949127055},
{"learn":[2823.740237],"iteration":72,"passed_time":0.5444928938,"remaining_time":6.91431387},
{"learn":[2817.696462],"iteration":73,"passed_time":0.549817354,"remaining_time":6.880146889},
{"learn":[2806.90467],"iteration":74,"passed_time":0.5549645039,"remaining_time":6.844562215},
{"learn":[2799.299979],"iteration":75,"passed_time":0.5598779973,"remaining_time":6.806937757},
{"learn":[2792.253111],"iteration":76,"passed_time":0.5651696092,"remaining_time":6.774695445},
{"learn":[2786.053905],"iteration":77,"passed_time":0.5708794042,"remaining_time":6.748087317},
{"learn":[2778.366793],"iteration":78,"passed_time":0.5762873368,"remaining_time":6.718489078},
{"learn":[2770.967085],"iteration":79,"passed_time":0.5817697071,"remaining_time":6.690351632},
{"learn":[2765.408569],"iteration":80,"passed_time":0.5868892911,"remaining_time":6.658657513},
{"learn":[2758.267392],"iteration":81,"passed_time":0.5932279977,"remaining_time":6.641259779},
{"learn":[2752.234149],"iteration":82,"passed_time":0.5988344352,"remaining_time":6.616038278},
{"learn":[2746.578662],"iteration":83,"passed_time":0.6048954354,"remaining_time":6.596240701},
{"learn":[2734.637992],"iteration":84,"passed_time":0.6116338075,"remaining_time":6.584058045},
{"learn":[2730.607145],"iteration":85,"passed_time":0.6172523934,"remaining_time":6.560101018},
{"learn":[2724.724615],"iteration":86,"passed_time":0.6228066353,"remaining_time":6.535890322},
{"learn":[2721.005246],"iteration":87,"passed_time":0.6291742461,"remaining_time":6.520533096},
{"learn":[2712.320426],"iteration":88,"passed_time":0.6351008168,"remaining_time":6.500863417},
{"learn":[2706.888419],"iteration":89,"passed_time":0.6407335088,"remaining_time":6.4785277},
{"learn":[2700.646588],"iteration":90,"passed_time":0.646496885,"remaining_time":6.457864489},
{"learn":[2695.483729],"iteration":91,"passed_time":0.6524356563,"remaining_time":6.43925626},
{"learn":[2684.045149],"iteration":92,"passed_time":0.6579846707,"remaining_time":6.417119315},
{"learn":[2679.370951],"iteration":93,"passed_time":0.6636432829,"remaining_time":6.396391642},
{"learn":[2671.332496],"iteration":94,"passed_time":0.6693662932,"remaining_time":6.376594688},
{"learn":[2668.276804],"iteration":95,"passed_time":0.6745695472,"remaining_time":6.35219657},
{"learn":[2664.601721],"iteration":96,"passed_time":0.6808175518,"remaining_time":6.337920096},
{"learn":[2661.120045],"iteration":97,"passed_time":0.6871505687,"remaining_time":6.324589928},
{"learn":[2658.37532],"iteration":98,"passed_time":0.6939952703,"remaining_time":6.316057965},
{"learn":[2650.299623],"iteration":99,"passed_time":0.6994888489,"remaining_time":6.29539964},
{"learn":[2648.132677],"iteration":100,"passed_time":0.7047406321,"remaining_time":6.272889389},
{"learn":[2645.648733],"iteration":101,"passed_time":0.7102167503,"remaining_time":6.252692566},
{"learn":[2642.444335],"iteration":102,"passed_time":0.715114635,"remaining_time":6.227745899},
{"learn":[2640.121651],"iteration":103,"passed_time":0.7199756249,"remaining_time":6.202866922},
{"learn":[2636.139152],"iteration":104,"passed_time":0.7249035327,"remaining_time":6.178939636},
{"learn":[2632.411028],"iteration":105,"passed_time":0.7298152621,"remaining_time":6.155234381},
{"learn":[2624.078],"iteration":106,"passed_time":0.7347934455,"remaining_time":6.132435017},
{"learn":[2618.940423],"iteration":107,"passed_time":0.7398527283,"remaining_time":6.110635497},
{"learn":[2617.246069],"iteration":108,"passed_time":0.7446571812,"remaining_time":6.087060078},
{"learn":[2612.780677],"iteration":109,"passed_time":0.7495679384,"remaining_time":6.064686047},
{"learn":[2607.289765],"iteration":110,"passed_time":0.7551177386,"remaining_time":6.047744771},
{"learn":[2601.518797],"iteration":111,"passed_time":0.760750348,"remaining_time":6.031663473},
{"learn":[2599.017409],"iteration":112,"passed_time":0.7669255902,"remaining_time":6.020026536},
{"learn":[2595.790236],"iteration":113,"passed_time":0.7724519434,"remaining_time":6.003442297},
{"learn":[2589.746267],"iteration":114,"passed_time":0.7780071648,"remaining_time":5.987272529},
{"learn":[2584.174736],"iteration":115,"passed_time":0.7838241918,"remaining_time":5.97328091},
{"learn":[2581.578452],"iteration":116,"passed_time":0.790006521,"remaining_time":5.962185966},
{"learn":[2573.194371],"iteration":117,"passed_time":0.7962456574,"remaining_time":5.951598897},
{"learn":[2571.246713],"iteration":118,"passed_time":0.8022304779,"remaining_time":5.939202109},
{"learn":[2567.996735],"iteration":119,"passed_time":0.8078788047,"remaining_time":5.924444568},
{"learn":[2561.807204],"iteration":120,"passed_time":0.8149644654,"remaining_time":5.92027905},
{"learn":[2557.755251],"iteration":121,"passed_time":0.8209217565,"remaining_time":5.9079451},
{"learn":[2554.433302],"iteration":122,"passed_time":0.82628299,"remaining_time":5.891464896},
{"learn":[2552.829231],"iteration":123,"passed_time":0.832531525,"remaining_time":5.881432386},
{"learn":[2548.176938],"iteration":124,"passed_time":0.8389363745,"remaining_time":5.872554621},
{"learn":[2547.007975],"iteration":125,"passed_time":0.8442144094,"remaining_time":5.855899951},
{"learn":[2545.379035],"iteration":126,"passed_time":0.8503111334,"remaining_time":5.845052122},
{"learn":[2539.69444],"iteration":127,"passed_time":0.8558696819,"remaining_time":5.830612208},
{"learn":[2534.537476],"iteration":128,"passed_time":0.8626150871,"remaining_time":5.824323573},
{"learn":[2529.72809],"iteration":129,"passed_time":0.869469389,"remaining_time":5.81875668},
{"learn":[2527.409855],"iteration":130,"passed_time":0.875644974,"remaining_time":5.808667805},
{"learn":[2525.716549],"iteration":131,"passed_time":0.8815960521,"remaining_time":5.797161918},
{"learn":[2523.783845],"iteration":132,"passed_time":0.8867584303,"remaining_time":5.780598188},
{"learn":[2520.378401],"iteration":133,"passed_time":0.8920369459,"remaining_time":5.764955188},
{"learn":[2517.584082],"iteration":134,"passed_time":0.8976640316,"remaining_time":5.751699165},
{"learn":[2513.103494],"iteration":135,"passed_time":0.9030499729,"remaining_time":5.737023357},
{"learn":[2509.402277],"iteration":136,"passed_time":0.9084626551,"remaining_time":5.722651615},
{"learn":[2505.391648],"iteration":137,"passed_time":0.9135821372,"remaining_time":5.706578277},
{"learn":[2503.747785],"iteration":138,"passed_time":0.9189568995,"remaining_time":5.692243816},
{"learn":[2502.229285],"iteration":139,"passed_time":0.9242018981,"remaining_time":5.677240231},
{"learn":[2496.426567],"iteration":140,"passed_time":0.9296032448,"remaining_time":5.66332757},
{"learn":[2493.782658],"iteration":141,"passed_time":0.9350847428,"remaining_time":5.65001908},
{"learn":[2491.322545],"iteration":142,"passed_time":0.9404472143,"remaining_time":5.636106732},
{"learn":[2487.863985],"iteration":143,"passed_time":0.9461186565,"remaining_time":5.624149791},
{"learn":[2486.178671],"iteration":144,"passed_time":0.9511292087,"remaining_time":5.608382576},
{"learn":[2484.679821],"iteration":145,"passed_time":0.956799006,"remaining_time":5.596618843},
{"learn":[2481.901235],"iteration":146,"passed_time":0.9622078586,"remaining_time":5.583423833},
{"learn":[2478.931226],"iteration":147,"passed_time":0.9675647246,"remaining_time":5.570034766},
{"learn":[2476.537241],"iteration":148,"passed_time":0.973532467,"remaining_time":5.560242479},
{"learn":[2473.254622],"iteration":149,"passed_time":0.97939623,"remaining_time":5.54991197},
{"learn":[2471.447146],"iteration":150,"passed_time":0.9846284848,"remaining_time":5.536089958},
{"learn":[2469.640972],"iteration":151,"passed_time":0.9905840624,"remaining_time":5.526416348},
{"learn":[2466.91932],"iteration":152,"passed_time":0.9966114261,"remaining_time":5.517188744},
{"learn":[2465.18449],"iteration":153,"passed_time":1.002191579,"remaining_time":5.505545944},
{"learn":[2463.049912],"iteration":154,"passed_time":1.007798738,"remaining_time":5.494128606},
{"learn":[2461.782714],"iteration":155,"passed_time":1.013195109,"remaining_time":5.481645332},
{"learn":[2458.997786],"iteration":156,"passed_time":1.018909295,"remaining_time":5.470958824},
{"learn":[2454.958703],"iteration":157,"passed_time":1.025524227,"remaining_time":5.465135437},
{"learn":[2451.98738],"iteration":158,"passed_time":1.03162127,"remaining_time":5.456562816},
{"learn":[2450.856195],"iteration":159,"passed_time":1.037425808,"remaining_time":5.446485491},
{"learn":[2449.747664],"iteration":160,"passed_time":1.043193208,"remaining_time":5.436267713},
{"learn":[2446.422784],"iteration":161,"passed_time":1.04930632,"remaining_time":5.427893184},
{"learn":[2444.255512],"iteration":162,"passed_time":1.055154102,"remaining_time":5.418183946},
{"learn":[2441.568855],"iteration":163,"passed_time":1.061856108,"remaining_time":5.41287626},
{"learn":[2440.298622],"iteration":164,"passed_time":1.067164781,"remaining_time":5.400500559},
{"learn":[2437.323266],"iteration":165,"passed_time":1.074461873,"remaining_time":5.398200012},
{"learn":[2432.464972],"iteration":166,"passed_time":1.080122514,"remaining_time":5.387676972},
{"learn":[2428.397088],"iteration":167,"passed_time":1.087522008,"remaining_time":5.385823279},
{"learn":[2423.62539],"iteration":168,"passed_time":1.094398022,"remaining_time":5.38132992},
{"learn":[2421.41593],"iteration":169,"passed_time":1.099931582,"remaining_time":5.370254194},
{"learn":[2420.510589],"iteration":170,"passed_time":1.105234888,"remaining_time":5.35812703},
{"learn":[2419.104694],"iteration":171,"passed_time":1.110224022,"remaining_time":5.344566803},
{"learn":[2415.969737],"iteration":172,"passed_time":1.115288696,"remaining_time":5.331466771},
{"learn":[2414.604879],"iteration":173,"passed_time":1.120810612,"remaining_time":5.320629685},
{"learn":[2413.547606],"iteration":174,"passed_time":1.126324429,"remaining_time":5.309815166},
{"learn":[2410.029271],"iteration":175,"passed_time":1.131292067,"remaining_time":5.29650377},
{"learn":[2409.201284],"iteration":176,"passed_time":1.136636038,"remaining_time":5.285036491},
{"learn":[2404.919908],"iteration":177,"passed_time":1.142519514,"remaining_time":5.276129443},
{"learn":[2403.664299],"iteration":178,"passed_time":1.147973664,"remaining_time":5.265287031},
{"learn":[2399.898381],"iteration":179,"passed_time":1.153183481,"remaining_time":5.253391411},
{"learn":[2395.097385],"iteration":180,"passed_time":1.158862405,"remaining_time":5.243692319},
{"learn":[2393.741788],"iteration":181,"passed_time":1.164576245,"remaining_time":5.234194331},
{"learn":[2391.442259],"iteration":182,"passed_time":1.170175437,"remaining_time":5.22422586},
{"learn":[2388.274502],"iteration":183,"passed_time":1.175790895,"remaining_time":5.214377013},
{"learn":[2385.284342],"iteration":184,"passed_time":1.182711473,"remaining_time":5.210323517},
{"learn":[2384.060649],"iteration":185,"passed_time":1.188808823,"remaining_time":5.202636464},
{"learn":[2381.725305],"iteration":186,"passed_time":1.194830778,"remaining_time":5.194638623},
{"learn":[2380.629677],"iteration":187,"passed_time":1.200913398,"remaining_time":5.186923827},
{"learn":[2377.669112],"iteration":188,"passed_time":1.20648165,"remaining_time":5.177019146},
{"learn":[2376.609855],"iteration":189,"passed_time":1.212465058,"remaining_time":5.168929985},
{"learn":[2373.360815],"iteration":190,"passed_time":1.217805403,"remaining_time":5.158139113},
{"learn":[2371.9139],"iteration":191,"passed_time":1.224530457,"remaining_time":5.153232339},
{"learn":[2369.554663],"iteration":192,"passed_time":1.230672796,"remaining_time":5.145870189},
{"learn":[2366.345917],"iteration":193,"passed_time":1.237254623,"remaining_time":5.140346528},
{"learn":[2362.917891],"iteration":194,"passed_time":1.243707539,"remaining_time":5.134279841},
{"learn":[2360.185925],"iteration":195,"passed_time":1.24914255,"remaining_time":5.124033724},
{"learn":[2359.259014],"iteration":196,"passed_time":1.254676886,"remaining_time":5.114241317},
{"learn":[2357.028409],"iteration":197,"passed_time":1.261430911,"remaining_time":5.109432277},
{"learn":[2353.814656],"iteration":198,"passed_time":1.267152491,"remaining_time":5.100447965},
{"learn":[2353.160087],"iteration":199,"passed_time":1.272249947,"remaining_time":5.088999788},
{"learn":[2350.22017],"iteration":200,"passed_time":1.278869826,"remaining_time":5.08366662},
{"learn":[2347.340069],"iteration":201,"passed_time":1.284589726,"remaining_time":5.074765353},
{"learn":[2345.59378],"iteration":202,"passed_time":1.291206132,"remaining_time":5.069415208},
{"learn":[2344.641861],"iteration":203,"passed_time":1.29751607,"remaining_time":5.062856821},
{"learn":[2343.877357],"iteration":204,"passed_time":1.303259067,"remaining_time":5.054102234},
{"learn":[2342.675972],"iteration":205,"passed_time":1.309247779,"remaining_time":5.046323963},
{"learn":[2339.899072],"iteration":206,"passed_time":1.31434414,"remaining_time":5.03514446},
{"learn":[2338.229674],"iteration":207,"passed_time":1.319224041,"remaining_time":5.023199233},
{"learn":[2336.534109],"iteration":208,"passed_time":1.324776442,"remaining_time":5.013866822},
{"learn":[2335.314623],"iteration":209,"passed_time":1.330326974,"remaining_time":5.004563377},
{"learn":[2333.298833],"iteration":210,"passed_time":1.336473834,"remaining_time":4.997525378},
{"learn":[2331.451014],"iteration":211,"passed_time":1.34266352,"remaining_time":4.990654971},
{"learn":[2330.117092],"iteration":212,"passed_time":1.348101363,"remaining_time":4.981013019},
{"learn":[2329.133595],"iteration":213,"passed_time":1.354401853,"remaining_time":4.974578769},
{"learn":[2324.734125],"iteration":214,"passed_time":1.363707851,"remaining_time":4.979119363},
{"learn":[2323.89058],"iteration":215,"passed_time":1.373879177,"remaining_time":4.986672567},
{"learn":[2322.908814],"iteration":216,"passed_time":1.380632324,"remaining_time":4.981728615},
{"learn":[2321.440711],"iteration":217,"passed_time":1.387198381,"remaining_time":4.976096945},
{"learn":[2319.895903],"iteration":218,"passed_time":1.392616706,"remaining_time":4.966363686},
{"learn":[2317.228069],"iteration":219,"passed_time":1.397272392,"remaining_time":4.953965754},
{"learn":[2316.40735],"iteration":220,"passed_time":1.404164906,"remaining_time":4.949522451},
{"learn":[2315.977401],"iteration":221,"passed_time":1.409093252,"remaining_time":4.938173648},
{"learn":[2313.435303],"iteration":222,"passed_time":1.415333617,"remaining_time":4.931453902},
{"learn":[2309.500269],"iteration":223,"passed_time":1.421952137,"remaining_time":4.926048475},
{"learn":[2308.688602],"iteration":224,"passed_time":1.428031493,"remaining_time":4.918775142},
{"learn":[2304.968972],"iteration":225,"passed_time":1.434220317,"remaining_time":4.911887282},
{"learn":[2303.267728],"iteration":226,"passed_time":1.439625835,"remaining_time":4.902338195},
{"learn":[2302.081333],"iteration":227,"passed_time":1.446371805,"remaining_time":4.897364182},
{"learn":[2299.789601],"iteration":228,"passed_time":1.452683756,"remaining_time":4.89091343},
{"learn":[2298.69758],"iteration":229,"passed_time":1.45805758,"remaining_time":4.881323203},
{"learn":[2295.45138],"iteration":230,"passed_time":1.464059837,"remaining_time":4.873861537},
{"learn":[2294.832785],"iteration":231,"passed_time":1.470014656,"remaining_time":4.866255413},
{"learn":[2292.733702],"iteration":232,"passed_time":1.475880365,"remaining_time":4.858370128},
{"learn":[2291.368616],"iteration":233,"passed_time":1.482082262,"remaining_time":4.851602617},
{"learn":[2289.872269],"iteration":234,"passed_time":1.488321969,"remaining_time":4.844963004},
{"learn":[2287.19031],"iteration":235,"passed_time":1.493292568,"remaining_time":4.834218313},
{"learn":[2285.179562],"iteration":236,"passed_time":1.499454521,"remaining_time":4.827357804},
{"learn":[2284.549274],"iteration":237,"passed_time":1.504654841,"remaining_time":4.817424324},
{"learn":[2284.059871],"iteration":238,"passed_time":1.509964908,"remaining_time":4.807879895},
{"learn":[2280.835528],"iteration":239,"passed_time":1.515820865,"remaining_time":4.800099405},
{"learn":[2277.679682],"iteration":240,"passed_time":1.520863359,"remaining_time":4.789772986},
{"learn":[2276.474473],"iteration":241,"passed_time":1.5260403,"remaining_time":4.779911353},
{"learn":[2274.106619],"iteration":242,"passed_time":1.532016179,"remaining_time":4.772577149},
{"learn":[2273.299501],"iteration":243,"passed_time":1.537540782,"remaining_time":4.763855867},
{"learn":[2271.291346],"iteration":244,"passed_time":1.542758117,"remaining_time":4.754213789},
{"learn":[2267.870743],"iteration":245,"passed_time":1.548823018,"remaining_time":4.747205512},
{"learn":[2266.716085],"iteration":246,"passed_time":1.554136529,"remaining_time":4.737914195},
{"learn":[2265.392914],"iteration":247,"passed_time":1.559808494,"remaining_time":4.729741886},
{"learn":[2262.417943],"iteration":248,"passed_time":1.56534333,"remaining_time":4.721176066},
{"learn":[2261.152617],"iteration":249,"passed_time":1.571016067,"remaining_time":4.713048201},
{"learn":[2259.809216],"iteration":250,"passed_time":1.576129649,"remaining_time":4.703271342},
{"learn":[2258.609766],"iteration":251,"passed_time":1.582225176,"remaining_time":4.696446157},
{"learn":[2258.038469],"iteration":252,"passed_time":1.588850724,"remaining_time":4.691191662},
{"learn":[2256.736439],"iteration":253,"passed_time":1.594719893,"remaining_time":4.683704882},
{"learn":[2254.452314],"iteration":254,"passed_time":1.600661018,"remaining_time":4.676441014},
{"learn":[2252.239749],"iteration":255,"passed_time":1.607641413,"remaining_time":4.672207857},
{"learn":[2251.453735],"iteration":256,"passed_time":1.613307317,"remaining_time":4.66415306},
{"learn":[2250.308127],"iteration":257,"passed_time":1.618065402,"remaining_time":4.653505923},
{"learn":[2249.342488],"iteration":258,"passed_time":1.624037868,"remaining_time":4.64637861},
{"learn":[2248.784767],"iteration":259,"passed_time":1.629580103,"remaining_time":4.638035677},
{"learn":[2246.898114],"iteration":260,"passed_time":1.634897499,"remaining_time":4.629077592},
{"learn":[2244.212367],"iteration":261,"passed_time":1.640514414,"remaining_time":4.620990984},
{"learn":[2242.636924],"iteration":262,"passed_time":1.646758765,"remaining_time":4.614681407},
{"learn":[2241.676761],"iteration":263,"passed_time":1.651828908,"remaining_time":4.605098775},
{"learn":[2241.281796],"iteration":264,"passed_time":1.65675846,"remaining_time":4.595160256},
{"learn":[2238.277341],"iteration":265,"passed_time":1.662205411,"remaining_time":4.586687112},
{"learn":[2236.908361],"iteration":266,"passed_time":1.667196635,"remaining_time":4.57698552},
{"learn":[2236.501313],"iteration":267,"passed_time":1.67153616,"remaining_time":4.565539063},
{"learn":[2235.372775],"iteration":268,"passed_time":1.676835804,"remaining_time":4.556754546},
{"learn":[2233.408577],"iteration":269,"passed_time":1.682462516,"remaining_time":4.548880137},
{"learn":[2231.845879],"iteration":270,"passed_time":1.687336553,"remaining_time":4.53899759},
{"learn":[2231.270713],"iteration":271,"passed_time":1.692801956,"remaining_time":4.530734647},
{"learn":[2230.191249],"iteration":272,"passed_time":1.698125643,"remaining_time":4.522114809},
{"learn":[2227.271418],"iteration":273,"passed_time":1.703630293,"remaining_time":4.513998514},
{"learn":[2226.74989],"iteration":274,"passed_time":1.708707176,"remaining_time":4.504773464},
{"learn":[2226.382617],"iteration":275,"passed_time":1.713643459,"remaining_time":4.495209654},
{"learn":[2225.145652],"iteration":276,"passed_time":1.7188477,"remaining_time":4.486378653},
{"learn":[2224.689339],"iteration":277,"passed_time":1.723449487,"remaining_time":4.4760091},
{"learn":[2222.72386],"iteration":278,"passed_time":1.728879638,"remaining_time":4.467821573},
{"learn":[2220.979444],"iteration":279,"passed_time":1.734425746,"remaining_time":4.459951918},
{"learn":[2219.277275],"iteration":280,"passed_time":1.739878193,"remaining_time":4.451859148},
{"learn":[2217.463879],"iteration":281,"passed_time":1.745337892,"remaining_time":4.443803568},
{"learn":[2215.271021],"iteration":282,"passed_time":1.750525572,"remaining_time":4.435077156},
{"learn":[2213.837448],"iteration":283,"passed_time":1.755472115,"remaining_time":4.425767726},
{"learn":[2213.427767],"iteration":284,"passed_time":1.760596887,"remaining_time":4.41693605},
{"learn":[2211.374755],"iteration":285,"passed_time":1.76535048,"remaining_time":4.407203645},
{"learn":[2210.99395],"iteration":286,"passed_time":1.770085704,"remaining_time":4.397460302},
{"learn":[2210.467287],"iteration":287,"passed_time":1.775127699,"remaining_time":4.388510146},
{"learn":[2208.041972],"iteration":288,"passed_time":1.780106843,"remaining_time":4.379432406},
{"learn":[2205.668721],"iteration":289,"passed_time":1.785503342,"remaining_time":4.371404735},
{"learn":[2204.009813],"iteration":290,"passed_time":1.7904649,"remaining_time":4.362335443},
{"learn":[2203.647804],"iteration":291,"passed_time":1.79644519,"remaining_time":4.355764366},
{"learn":[2202.432684],"iteration":292,"passed_time":1.802150775,"remaining_time":4.348534464},
{"learn":[2200.647848],"iteration":293,"passed_time":1.807566671,"remaining_time":4.340619285},
{"learn":[2199.333027],"iteration":294,"passed_time":1.812801708,"remaining_time":4.332288828},
{"learn":[2198.122895],"iteration":295,"passed_time":1.818977695,"remaining_time":4.32621722},
{"learn":[2195.762577],"iteration":296,"passed_time":1.824424774,"remaining_time":4.318419582},
{"learn":[2195.31842],"iteration":297,"passed_time":1.830032983,"remaining_time":4.311017296},
{"learn":[2195.079754],"iteration":298,"passed_time":1.836104676,"remaining_time":4.304713638},
{"learn":[2194.041637],"iteration":299,"passed_time":1.841911708,"remaining_time":4.297793986},
{"learn":[2193.257982],"iteration":300,"passed_time":1.847296782,"remaining_time":4.28990183},
{"learn":[2192.042156],"iteration":301,"passed_time":1.852563373,"remaining_time":4.281752432},
{"learn":[2189.891653],"iteration":302,"passed_time":1.857538207,"remaining_time":4.272950925},
{"learn":[2187.616278],"iteration":303,"passed_time":1.863047958,"remaining_time":4.265399273},
{"learn":[2186.552307],"iteration":304,"passed_time":1.868409671,"remaining_time":4.257523676},
{"learn":[2185.064849],"iteration":305,"passed_time":1.873592988,"remaining_time":4.249259913},
{"learn":[2183.033867],"iteration":306,"passed_time":1.879138759,"remaining_time":4.241834397},
{"learn":[2182.358253],"iteration":307,"passed_time":1.884875548,"remaining_time":4.234850258},
{"learn":[2181.260013],"iteration":308,"passed_time":1.891124274,"remaining_time":4.229019008},
{"learn":[2179.277987],"iteration":309,"passed_time":1.896991621,"remaining_time":4.222336189},
{"learn":[2177.396848],"iteration":310,"passed_time":1.903197457,"remaining_time":4.216408514},
{"learn":[2175.693653],"iteration":311,"passed_time":1.908930314,"remaining_time":4.209436077},
{"learn":[2175.134638],"iteration":312,"passed_time":1.914176169,"remaining_time":4.201402646},
{"learn":[2174.394844],"iteration":313,"passed_time":1.920646482,"remaining_time":4.196062059},
{"learn":[2174.06861],"iteration":314,"passed_time":1.92564758,"remaining_time":4.187519342},
{"learn":[2173.564803],"iteration":315,"passed_time":1.930545398,"remaining_time":4.178775481},
{"learn":[2172.19351],"iteration":316,"passed_time":1.936763779,"remaining_time":4.172901139},
{"learn":[2170.57004],"iteration":317,"passed_time":1.942105911,"remaining_time":4.165145381},
{"learn":[2168.747075],"iteration":318,"passed_time":1.947365866,"remaining_time":4.157229325},
{"learn":[2167.543776],"iteration":319,"passed_time":1.952485533,"remaining_time":4.149031758},
{"learn":[2165.579079],"iteration":320,"passed_time":1.95746666,"remaining_time":4.140560319},
{"learn":[2164.26094],"iteration":321,"passed_time":1.962310822,"remaining_time":4.131822166},
{"learn":[2162.511958],"iteration":322,"passed_time":1.967091893,"remaining_time":4.122975887},
{"learn":[2161.481177],"iteration":323,"passed_time":1.971844933,"remaining_time":4.114096219},
{"learn":[2160.545803],"iteration":324,"passed_time":1.976725775,"remaining_time":4.10550738},
{"learn":[2158.924511],"iteration":325,"passed_time":1.981865972,"remaining_time":4.0974775},
{"learn":[2157.009607],"iteration":326,"passed_time":1.986985805,"remaining_time":4.089423384},
{"learn":[2156.095325],"iteration":327,"passed_time":1.992145379,"remaining_time":4.081468581},
{"learn":[2155.299799],"iteration":328,"passed_time":1.997033084,"remaining_time":4.07297629},
{"learn":[2154.067638],"iteration":329,"passed_time":2.003223012,"remaining_time":4.067149751},
{"learn":[2152.147273],"iteration":330,"passed_time":2.008388016,"remaining_time":4.059249495},
{"learn":[2151.677308],"iteration":331,"passed_time":2.01324828,"remaining_time":4.050752562},
{"learn":[2151.138006],"iteration":332,"passed_time":2.017943129,"remaining_time":4.041946148},
{"learn":[2149.998062],"iteration":333,"passed_time":2.025025382,"remaining_time":4.037924863},
{"learn":[2148.656172],"iteration":334,"passed_time":2.029667499,"remaining_time":4.029041454},
{"learn":[2147.597981],"iteration":335,"passed_time":2.034324286,"remaining_time":4.02021228},
{"learn":[2146.43662],"iteration":336,"passed_time":2.03927464,"remaining_time":4.01198542},
{"learn":[2145.322162],"iteration":337,"passed_time":2.044686078,"remaining_time":4.004681016},
{"learn":[2144.160658],"iteration":338,"passed_time":2.049450016,"remaining_time":3.996125253},
{"learn":[2143.411476],"iteration":339,"passed_time":2.054150734,"remaining_time":3.987469072},
{"learn":[2141.913492],"iteration":340,"passed_time":2.059553417,"remaining_time":3.980192673},
{"learn":[2141.502745],"iteration":341,"passed_time":2.065016294,"remaining_time":3.973043046},
{"learn":[2140.597387],"iteration":342,"passed_time":2.070275793,"remaining_time":3.965513691},
{"learn":[2140.171197],"iteration":343,"passed_time":2.075418709,"remaining_time":3.957775213},
{"learn":[2139.13098],"iteration":344,"passed_time":2.080630646,"remaining_time":3.95018282},
{"learn":[2138.165121],"iteration":345,"passed_time":2.085540813,"remaining_time":3.94203379},
{"learn":[2136.679375],"iteration":346,"passed_time":2.090549696,"remaining_time":3.934089198},
{"learn":[2134.927129],"iteration":347,"passed_time":2.095642763,"remaining_time":3.9263192},
{"learn":[2133.499099],"iteration":348,"passed_time":2.101665473,"remaining_time":3.920298633},
{"learn":[2132.957971],"iteration":349,"passed_time":2.10846542,"remaining_time":3.915721494},
{"learn":[2131.356888],"iteration":350,"passed_time":2.115544505,"remaining_time":3.911647818},
{"learn":[2130.093461],"iteration":351,"passed_time":2.121889234,"remaining_time":3.906205182},
{"learn":[2129.129143],"iteration":352,"passed_time":2.127430121,"remaining_time":3.899284102},
{"learn":[2127.211968],"iteration":353,"passed_time":2.133282207,"remaining_time":3.892938717},
{"learn":[2126.246629],"iteration":354,"passed_time":2.140005121,"remaining_time":3.888178318},
{"learn":[2125.908313],"iteration":355,"passed_time":2.146716947,"remaining_time":3.883386837},
{"learn":[2125.645111],"iteration":356,"passed_time":2.152569378,"remaining_time":3.877036722},
{"learn":[2123.92608],"iteration":357,"passed_time":2.160127385,"remaining_time":3.873747993},
{"learn":[2122.269894],"iteration":358,"passed_time":2.165868139,"remaining_time":3.867190745},
{"learn":[2120.681788],"iteration":359,"passed_time":2.171324472,"remaining_time":3.860132395},
{"learn":[2120.433167],"iteration":360,"passed_time":2.175700197,"remaining_time":3.851170155},
{"learn":[2118.959432],"iteration":361,"passed_time":2.180310643,"remaining_time":3.842646934},
{"learn":[2118.131555],"iteration":362,"passed_time":2.185595093,"remaining_time":3.835328028},
{"learn":[2116.684999],"iteration":363,"passed_time":2.190580507,"remaining_time":3.827497809},
{"learn":[2115.743072],"iteration":364,"passed_time":2.19644267,"remaining_time":3.821208481},
{"learn":[2115.408383],"iteration":365,"passed_time":2.201708522,"remaining_time":3.813888532},
{"learn":[2114.477735],"iteration":366,"passed_time":2.206978131,"remaining_time":3.806586259},
{"learn":[2113.128781],"iteration":367,"passed_time":2.212798185,"remaining_time":3.800240361},
{"learn":[2112.057044],"iteration":368,"passed_time":2.21873313,"remaining_time":3.79409378},
{"learn":[2111.471293],"iteration":369,"passed_time":2.22343007,"remaining_time":3.78584039},
{"learn":[2109.790191],"iteration":370,"passed_time":2.228132811,"remaining_time":3.777616006},
{"learn":[2108.972066],"iteration":371,"passed_time":2.234487913,"remaining_time":3.772200026},
{"learn":[2108.083717],"iteration":372,"passed_time":2.24008508,"remaining_time":3.765504947},
{"learn":[2107.417372],"iteration":373,"passed_time":2.244558985,"remaining_time":3.756935626},
{"learn":[2105.907704],"iteration":374,"passed_time":2.249516806,"remaining_time":3.749194677},
{"learn":[2105.043412],"iteration":375,"passed_time":2.254681865,"remaining_time":3.741812458},
{"learn":[2104.192847],"iteration":376,"passed_time":2.26007437,"remaining_time":3.734817858},
{"learn":[2102.851884],"iteration":377,"passed_time":2.264807099,"remaining_time":3.726746073},
{"learn":[2102.328005],"iteration":378,"passed_time":2.269771111,"remaining_time":3.71907087},
{"learn":[2101.564741],"iteration":379,"passed_time":2.274932956,"remaining_time":3.711732718},
{"learn":[2099.892233],"iteration":380,"passed_time":2.281199989,"remaining_time":3.706201557},
{"learn":[2099.394499],"iteration":381,"passed_time":2.287997568,"remaining_time":3.701524861},
{"learn":[2097.886812],"iteration":382,"passed_time":2.293083429,"remaining_time":3.694079571},
{"learn":[2097.112925],"iteration":383,"passed_time":2.298825423,"remaining_time":3.687699117},
{"learn":[2096.513152],"iteration":384,"passed_time":2.30466893,"remaining_time":3.681484135},
{"learn":[2095.639071],"iteration":385,"passed_time":2.310566114,"remaining_time":3.675356461},
{"learn":[2094.937743],"iteration":386,"passed_time":2.315470061,"remaining_time":3.667656711},
{"learn":[2093.83208],"iteration":387,"passed_time":2.320489509,"remaining_time":3.660153556},
{"learn":[2092.983124],"iteration":388,"passed_time":2.325812194,"remaining_time":3.653139461},
{"learn":[2092.425157],"iteration":389,"passed_time":2.331266472,"remaining_time":3.646339867},
{"learn":[2092.022969],"iteration":390,"passed_time":2.336093527,"remaining_time":3.638570225},
{"learn":[2091.082948],"iteration":391,"passed_time":2.341565534,"remaining_time":3.63181593},
{"learn":[2090.325083],"iteration":392,"passed_time":2.346369546,"remaining_time":3.624036424},
{"learn":[2088.107901],"iteration":393,"passed_time":2.351780788,"remaining_time":3.617205984},
{"learn":[2087.89866],"iteration":394,"passed_time":2.356874435,"remaining_time":3.609896286},
{"learn":[2086.9032],"iteration":395,"passed_time":2.362190778,"remaining_time":3.602937449},
{"learn":[2086.439522],"iteration":396,"passed_time":2.367746805,"remaining_time":3.596350941},
{"learn":[2085.744737],"iteration":397,"passed_time":2.372286372,"remaining_time":3.58823215},
{"learn":[2084.85755],"iteration":398,"passed_time":2.377629343,"remaining_time":3.581341442},
{"learn":[2083.741526],"iteration":399,"passed_time":2.383074285,"remaining_time":3.574611428},
{"learn":[2083.036986],"iteration":400,"passed_time":2.388275868,"remaining_time":3.567524301},
{"learn":[2082.688444],"iteration":401,"passed_time":2.393722359,"remaining_time":3.560810872},
{"learn":[2081.753869],"iteration":402,"passed_time":2.399058431,"remaining_time":3.553940157},
{"learn":[2081.21704],"iteration":403,"passed_time":2.403980864,"remaining_time":3.54646682},
{"learn":[2080.613167],"iteration":404,"passed_time":2.409689086,"remaining_time":3.540160509},
{"learn":[2080.230654],"iteration":405,"passed_time":2.414937788,"remaining_time":3.533184843},
{"learn":[2078.884339],"iteration":406,"passed_time":2.420087441,"remaining_time":3.526073348},
{"learn":[2078.392375],"iteration":407,"passed_time":2.427097155,"remaining_time":3.521670382},
{"learn":[2077.122986],"iteration":408,"passed_time":2.43298623,"remaining_time":3.51563536},
{"learn":[2076.829581],"iteration":409,"passed_time":2.438148589,"remaining_time":3.508555287},
{"learn":[2076.355274],"iteration":410,"passed_time":2.443383482,"remaining_time":3.501588494},
{"learn":[2075.331412],"iteration":411,"passed_time":2.448527534,"remaining_time":3.494500462},
{"learn":[2074.36203],"iteration":412,"passed_time":2.453705481,"remaining_time":3.487470018},
{"learn":[2073.748526],"iteration":413,"passed_time":2.458993019,"remaining_time":3.480603645},
{"learn":[2073.267278],"iteration":414,"passed_time":2.464388258,"remaining_time":3.473896701},
{"learn":[2072.511914],"iteration":415,"passed_time":2.469951131,"remaining_time":3.467431395},
{"learn":[2071.296691],"iteration":416,"passed_time":2.47549911,"remaining_time":3.460949595},
{"learn":[2070.971984],"iteration":417,"passed_time":2.48085259,"remaining_time":3.454201453},
{"learn":[2069.664905],"iteration":418,"passed_time":2.486725979,"remaining_time":3.448180892},
{"learn":[2069.253074],"iteration":419,"passed_time":2.491819349,"remaining_time":3.441083863},
{"learn":[2067.864309],"iteration":420,"passed_time":2.496981139,"remaining_time":3.434090449},
{"learn":[2067.152768],"iteration":421,"passed_time":2.501767515,"remaining_time":3.426591525},
{"learn":[2066.902561],"iteration":422,"passed_time":2.506677428,"remaining_time":3.419273938},
{"learn":[2065.610779],"iteration":423,"passed_time":2.513542591,"remaining_time":3.414623897},
{"learn":[2064.549434],"iteration":424,"passed_time":2.519458665,"remaining_time":3.408679371},
{"learn":[2064.198689],"iteration":425,"passed_time":2.524886807,"remaining_time":3.402077528},
{"learn":[2063.412664],"iteration":426,"passed_time":2.530228556,"remaining_time":3.395365252},
{"learn":[2062.365735],"iteration":427,"passed_time":2.535130032,"remaining_time":3.388070977},
{"learn":[2061.185654],"iteration":428,"passed_time":2.540445467,"remaining_time":3.381338839},
{"learn":[2060.076671],"iteration":429,"passed_time":2.545843472,"remaining_time":3.374722742},
{"learn":[2059.601179],"iteration":430,"passed_time":2.551253651,"remaining_time":3.36812837},
{"learn":[2058.691948],"iteration":431,"passed_time":2.556550731,"remaining_time":3.361390776},
{"learn":[2058.149719],"iteration":432,"passed_time":2.561672429,"remaining_time":3.354430178},
{"learn":[2057.704539],"iteration":433,"passed_time":2.566519805,"remaining_time":3.347120298},
{"learn":[2056.584458],"iteration":434,"passed_time":2.571226804,"remaining_time":3.339639413},
{"learn":[2056.241756],"iteration":435,"passed_time":2.57559197,"remaining_time":3.331729062},
{"learn":[2055.081346],"iteration":436,"passed_time":2.580739134,"remaining_time":3.324842408},
{"learn":[2053.820151],"iteration":437,"passed_time":2.586602493,"remaining_time":3.31888265},
{"learn":[2053.183014],"iteration":438,"passed_time":2.591597524,"remaining_time":3.311813692},
{"learn":[2052.820315],"iteration":439,"passed_time":2.596891196,"remaining_time":3.305134249},
{"learn":[2052.027519],"iteration":440,"passed_time":2.603227644,"remaining_time":3.299782887},
{"learn":[2050.98321],"iteration":441,"passed_time":2.608526437,"remaining_time":3.293117086},
{"learn":[2050.59394],"iteration":442,"passed_time":2.613155722,"remaining_time":3.285615659},
{"learn":[2049.630375],"iteration":443,"passed_time":2.618248772,"remaining_time":3.278707922},
{"learn":[2049.253615],"iteration":444,"passed_time":2.623278092,"remaining_time":3.271728856},
{"learn":[2048.604452],"iteration":445,"passed_time":2.628262874,"remaining_time":3.264703212},
{"learn":[2047.917488],"iteration":446,"passed_time":2.633764768,"remaining_time":3.258326435},
{"learn":[2047.158333],"iteration":447,"passed_time":2.639276456,"remaining_time":3.251965634},
{"learn":[2046.982452],"iteration":448,"passed_time":2.643733336,"remaining_time":3.244314183},
{"learn":[2046.369162],"iteration":449,"passed_time":2.649052733,"remaining_time":3.237731118},
{"learn":[2045.473247],"iteration":450,"passed_time":2.654738294,"remaining_time":3.231599387},
{"learn":[2044.685848],"iteration":451,"passed_time":2.659619194,"remaining_time":3.224494067},
{"learn":[2043.582325],"iteration":452,"passed_time":2.664369595,"remaining_time":3.217240989},
{"learn":[2042.686765],"iteration":453,"passed_time":2.669128051,"remaining_time":3.210008625},
{"learn":[2042.375287],"iteration":454,"passed_time":2.673989984,"remaining_time":3.20291108},
{"learn":[2041.15711],"iteration":455,"passed_time":2.678942841,"remaining_time":3.195931811},
{"learn":[2039.888242],"iteration":456,"passed_time":2.683855325,"remaining_time":3.188913438},
{"learn":[2038.853485],"iteration":457,"passed_time":2.688982177,"remaining_time":3.182157947},
{"learn":[2037.992087],"iteration":458,"passed_time":2.694447329,"remaining_time":3.175808289},
{"learn":[2037.430318],"iteration":459,"passed_time":2.699484746,"remaining_time":3.168960354},
{"learn":[2036.699318],"iteration":460,"passed_time":2.705430274,"remaining_time":3.163182034},
{"learn":[2035.900981],"iteration":461,"passed_time":2.710790973,"remaining_time":3.156721956},
{"learn":[2035.086424],"iteration":462,"passed_time":2.71513618,"remaining_time":3.149088831},
{"learn":[2034.38246],"iteration":463,"passed_time":2.719935371,"remaining_time":3.141994308},
{"learn":[2034.19935],"iteration":464,"passed_time":2.724241995,"remaining_time":3.134342941},
{"learn":[2033.360906],"iteration":465,"passed_time":2.729092588,"remaining_time":3.127329274},
{"learn":[2032.98215],"iteration":466,"passed_time":2.733825105,"remaining_time":3.120190109},
{"learn":[2032.548213],"iteration":467,"passed_time":2.739248333,"remaining_time":3.113846395},
{"learn":[2032.102438],"iteration":468,"passed_time":2.744055394,"remaining_time":3.106808986},
{"learn":[2031.652529],"iteration":469,"passed_time":2.749070958,"remaining_time":3.100016187},
{"learn":[2031.12007],"iteration":470,"passed_time":2.753407134,"remaining_time":3.092467885},
{"learn":[2030.430964],"iteration":471,"passed_time":2.758310195,"remaining_time":3.085567336},
{"learn":[2029.970351],"iteration":472,"passed_time":2.763303325,"remaining_time":3.078775586},
{"learn":[2029.161961],"iteration":473,"passed_time":2.76883861,"remaining_time":3.072593057},
{"learn":[2028.317317],"iteration":474,"passed_time":2.773703281,"remaining_time":3.065672048},
{"learn":[2027.445082],"iteration":475,"passed_time":2.779253748,"remaining_time":3.05951463},
{"learn":[2026.485225],"iteration":476,"passed_time":2.784704206,"remaining_time":3.053250104},
{"learn":[2025.712562],"iteration":477,"passed_time":2.78986646,"remaining_time":3.046674252},
{"learn":[2024.43854],"iteration":478,"passed_time":2.794903893,"remaining_time":3.039968535},
{"learn":[2023.757353],"iteration":479,"passed_time":2.800027131,"remaining_time":3.033362726},
{"learn":[2022.926702],"iteration":480,"passed_time":2.804684789,"remaining_time":3.026260718},
{"learn":[2022.528508],"iteration":481,"passed_time":2.810685073,"remaining_time":3.020611759},
{"learn":[2021.620131],"iteration":482,"passed_time":2.815496163,"remaining_time":3.01368844},
{"learn":[2020.695606],"iteration":483,"passed_time":2.82046743,"remaining_time":3.006944615},
{"learn":[2019.641523],"iteration":484,"passed_time":2.825075954,"remaining_time":2.99982292},
{"learn":[2019.266069],"iteration":485,"passed_time":2.829984618,"remaining_time":2.993028999},
{"learn":[2018.985424],"iteration":486,"passed_time":2.834798964,"remaining_time":2.986143467},
{"learn":[2017.88097],"iteration":487,"passed_time":2.840231265,"remaining_time":2.97991477},
{"learn":[2016.554447],"iteration":488,"passed_time":2.844998152,"remaining_time":2.972993979},
{"learn":[2016.26353],"iteration":489,"passed_time":2.849975909,"remaining_time":2.966301456},
{"learn":[2015.921624],"iteration":490,"passed_time":2.854989619,"remaining_time":2.95965319},
{"learn":[2015.391973],"iteration":491,"passed_time":2.859528666,"remaining_time":2.952521468},
{"learn":[2014.785557],"iteration":492,"passed_time":2.864674896,"remaining_time":2.94602469},
{"learn":[2014.461933],"iteration":493,"passed_time":2.869688771,"remaining_time":2.93939781},
{"learn":[2013.917655],"iteration":494,"passed_time":2.875185553,"remaining_time":2.93327011},
{"learn":[2013.627229],"iteration":495,"passed_time":2.880427281,"remaining_time":2.926885786},
{"learn":[2012.843448],"iteration":496,"passed_time":2.885997389,"remaining_time":2.920838404},
{"learn":[2012.122682],"iteration":497,"passed_time":2.890312354,"remaining_time":2.913527715},
{"learn":[2011.348138],"iteration":498,"passed_time":2.895446973,"remaining_time":2.907051971},
{"learn":[2010.401203],"iteration":499,"passed_time":2.900162605,"remaining_time":2.900162605},
{"learn":[2009.422351],"iteration":500,"passed_time":2.905144904,"remaining_time":2.893547519},
{"learn":[2007.96425],"iteration":501,"passed_time":2.910379119,"remaining_time":2.887188847},
{"learn":[2006.606137],"iteration":502,"passed_time":2.916086686,"remaining_time":2.881302352},
{"learn":[2006.349677],"iteration":503,"passed_time":2.921586085,"remaining_time":2.875211703},
{"learn":[2005.85269],"iteration":504,"passed_time":2.926878434,"remaining_time":2.868920445},
{"learn":[2004.720861],"iteration":505,"passed_time":2.932403627,"remaining_time":2.862860458},
{"learn":[2003.435682],"iteration":506,"passed_time":2.937398664,"remaining_time":2.856287063},
{"learn":[2002.954995],"iteration":507,"passed_time":2.942623656,"remaining_time":2.849942596},
{"learn":[2002.266087],"iteration":508,"passed_time":2.947783744,"remaining_time":2.843539918},
{"learn":[2001.765564],"iteration":509,"passed_time":2.952944361,"remaining_time":2.837142621},
{"learn":[2001.485792],"iteration":510,"passed_time":2.957879123,"remaining_time":2.830534033},
{"learn":[2000.88211],"iteration":511,"passed_time":2.963357302,"remaining_time":2.824449928},
{"learn":[2000.196424],"iteration":512,"passed_time":2.969173279,"remaining_time":2.818688863},
{"learn":[1999.778605],"iteration":513,"passed_time":2.973857908,"remaining_time":2.811857866},
{"learn":[1998.540025],"iteration":514,"passed_time":2.978974044,"remaining_time":2.805441575},
{"learn":[1998.011446],"iteration":515,"passed_time":2.983997539,"remaining_time":2.798943428},
{"learn":[1996.976291],"iteration":516,"passed_time":2.989556116,"remaining_time":2.792950878},
{"learn":[1995.633513],"iteration":517,"passed_time":2.994858666,"remaining_time":2.78672177},
{"learn":[1995.381857],"iteration":518,"passed_time":3.00006127,"remaining_time":2.780403605},
{"learn":[1994.683626],"iteration":519,"passed_time":3.006190586,"remaining_time":2.774945157},
{"learn":[1993.707733],"iteration":520,"passed_time":3.011578942,"remaining_time":2.768802905},
{"learn":[1993.482674],"iteration":521,"passed_time":3.017829374,"remaining_time":2.763452952},
{"learn":[1992.470047],"iteration":522,"passed_time":3.02326463,"remaining_time":2.757356077},
{"learn":[1991.35673],"iteration":523,"passed_time":3.028642762,"remaining_time":2.751209837},
{"learn":[1990.676297],"iteration":524,"passed_time":3.033760029,"remaining_time":2.744830502},
{"learn":[1989.560665],"iteration":525,"passed_time":3.039831613,"remaining_time":2.73931594},
{"learn":[1988.748371],"iteration":526,"passed_time":3.045066078,"remaining_time":2.733047922},
{"learn":[1987.731944],"iteration":527,"passed_time":3.0517848,"remaining_time":2.728110654},
{"learn":[1987.485947],"iteration":528,"passed_time":3.057125702,"remaining_time":2.721939897},
{"learn":[1986.577634],"iteration":529,"passed_time":3.062078102,"remaining_time":2.715427751},
{"learn":[1985.853223],"iteration":530,"passed_time":3.067424984,"remaining_time":2.709269901},
{"learn":[1985.263742],"iteration":531,"passed_time":3.072508217,"remaining_time":2.702883168},
{"learn":[1984.646581],"iteration":532,"passed_time":3.07778981,"remaining_time":2.696675124},
{"learn":[1984.040531],"iteration":533,"passed_time":3.082885114,"remaining_time":2.690307983},
{"learn":[1983.547599],"iteration":534,"passed_time":3.088215872,"remaining_time":2.684150244},
{"learn":[1982.597304],"iteration":535,"passed_time":3.093463676,"remaining_time":2.677923779},
{"learn":[1981.96426],"iteration":536,"passed_time":3.098828825,"remaining_time":2.671802134},
{"learn":[1981.185238],"iteration":537,"passed_time":3.104285668,"remaining_time":2.665762042},
{"learn":[1980.418275],"iteration":538,"passed_time":3.109408625,"remaining_time":2.659438545},
{"learn":[1978.733332],"iteration":539,"passed_time":3.114580684,"remaining_time":2.653161323},
{"learn":[1977.662099],"iteration":540,"passed_time":3.120012668,"remaining_time":2.647108715},
{"learn":[1976.148971],"iteration":541,"passed_time":3.126527594,"remaining_time":2.641973502},
{"learn":[1976.068028],"iteration":542,"passed_time":3.131793721,"remaining_time":2.635782193},
{"learn":[1975.646133],"iteration":543,"passed_time":3.136766278,"remaining_time":2.629348204},
{"learn":[1974.921442],"iteration":544,"passed_time":3.142202299,"remaining_time":2.623306506},
{"learn":[1973.96255],"iteration":545,"passed_time":3.14682933,"remaining_time":2.616594351},
{"learn":[1973.349681],"iteration":546,"passed_time":3.151909814,"remaining_time":2.610265348},
{"learn":[1973.139681],"iteration":547,"passed_time":3.157601977,"remaining_time":2.604445426},
{"learn":[1972.597198],"iteration":548,"passed_time":3.163099194,"remaining_time":2.598465822},
{"learn":[1971.890348],"iteration":549,"passed_time":3.168100416,"remaining_time":2.592082159},
{"learn":[1970.776848],"iteration":550,"passed_time":3.173778031,"remaining_time":2.586254694},
{"learn":[1970.140519],"iteration":551,"passed_time":3.180526779,"remaining_time":2.581297096},
{"learn":[1969.730483],"iteration":552,"passed_time":3.185774328,"remaining_time":2.575119575},
{"learn":[1969.36972],"iteration":553,"passed_time":3.191565268,"remaining_time":2.569382869},
{"learn":[1968.831217],"iteration":554,"passed_time":3.196921204,"remaining_time":2.563297182},
{"learn":[1967.780842],"iteration":555,"passed_time":3.202468176,"remaining_time":2.557366673},
{"learn":[1967.434298],"iteration":556,"passed_time":3.208080531,"remaining_time":2.551489542},
{"learn":[1966.909302],"iteration":557,"passed_time":3.214977684,"remaining_time":2.546631069},
{"learn":[1966.460571],"iteration":558,"passed_time":3.220459058,"remaining_time":2.54064838},
{"learn":[1966.240465],"iteration":559,"passed_time":3.227713821,"remaining_time":2.536060859},
{"learn":[1966.085106],"iteration":560,"passed_time":3.232482102,"remaining_time":2.52951808},
{"learn":[1965.03588],"iteration":561,"passed_time":3.236926547,"remaining_time":2.522729231},
{"learn":[1964.394337],"iteration":562,"passed_time":3.242876264,"remaining_time":2.5171171},
{"learn":[1964.185842],"iteration":563,"passed_time":3.247869702,"remaining_time":2.510764522},
{"learn":[1963.543506],"iteration":564,"passed_time":3.252733455,"remaining_time":2.504316908},
{"learn":[1962.607052],"iteration":565,"passed_time":3.258069142,"remaining_time":2.498236763},
{"learn":[1962.059915],"iteration":566,"passed_time":3.262957785,"remaining_time":2.49181785},
{"learn":[1961.526599],"iteration":567,"passed_time":3.268325957,"remaining_time":2.485769037},
{"learn":[1961.112215],"iteration":568,"passed_time":3.273216617,"remaining_time":2.479360918},
{"learn":[1960.823839],"iteration":569,"passed_time":3.278748245,"remaining_time":2.473441658},
{"learn":[1960.365349],"iteration":570,"passed_time":3.283460455,"remaining_time":2.466908117},
{"learn":[1960.007318],"iteration":571,"passed_time":3.288315939,"remaining_time":2.46048815},
{"learn":[1959.500813],"iteration":572,"passed_time":3.293033902,"remaining_time":2.453971162},
{"learn":[1959.289995],"iteration":573,"passed_time":3.298353905,"remaining_time":2.447907254},
{"learn":[1958.601317],"iteration":574,"passed_time":3.303588621,"remaining_time":2.441782894},
{"learn":[1957.681271],"iteration":575,"passed_time":3.308484761,"remaining_time":2.435412394},
{"learn":[1957.489132],"iteration":576,"passed_time":3.313032718,"remaining_time":2.42879175},
{"learn":[1957.214664],"iteration":577,"passed_time":3.317968884,"remaining_time":2.422461711},
{"learn":[1956.771593],"iteration":578,"passed_time":3.323394709,"remaining_time":2.416492526},
{"learn":[1956.080836],"iteration":579,"passed_time":3.328630568,"remaining_time":2.410387653},
{"learn":[1955.36951],"iteration":580,"passed_time":3.334163089,"remaining_time":2.404499715},
{"learn":[1955.213214],"iteration":581,"passed_time":3.339010432,"remaining_time":2.398120894},
{"learn":[1954.861348],"iteration":582,"passed_time":3.34364834,"remaining_time":2.391597526},
{"learn":[1954.406941],"iteration":583,"passed_time":3.349101353,"remaining_time":2.385661237},
{"learn":[1953.839748],"iteration":584,"passed_time":3.354120717,"remaining_time":2.37941897},
{"learn":[1953.176893],"iteration":585,"passed_time":3.359101121,"remaining_time":2.373153352},
{"learn":[1952.478213],"iteration":586,"passed_time":3.364260781,"remaining_time":2.367018233},
{"learn":[1952.028612],"iteration":587,"passed_time":3.369777295,"remaining_time":2.361136472},
{"learn":[1950.936904],"iteration":588,"passed_time":3.375660335,"remaining_time":2.355511711},
{"learn":[1950.414614],"iteration":589,"passed_time":3.380347547,"remaining_time":2.349055075},
{"learn":[1950.128239],"iteration":590,"passed_time":3.384966761,"remaining_time":2.342557369},
{"learn":[1949.793337],"iteration":591,"passed_time":3.389335243,"remaining_time":2.335893208},
{"learn":[1949.00804],"iteration":592,"passed_time":3.394061258,"remaining_time":2.329482179},
{"learn":[1948.222342],"iteration":593,"passed_time":3.398122872,"remaining_time":2.322622704},
{"learn":[1947.992886],"iteration":594,"passed_time":3.402939606,"remaining_time":2.316286623},
{"learn":[1947.264653],"iteration":595,"passed_time":3.40863381,"remaining_time":2.310550435},
{"learn":[1946.838577],"iteration":596,"passed_time":3.414636392,"remaining_time":2.305022556},
{"learn":[1946.379836],"iteration":597,"passed_time":3.421907575,"remaining_time":2.300345895},
{"learn":[1945.920976],"iteration":598,"passed_time":3.427459019,"remaining_time":2.294509293},
{"learn":[1945.427735],"iteration":599,"passed_time":3.432129948,"remaining_time":2.288086632},
{"learn":[1944.844279],"iteration":600,"passed_time":3.437504283,"remaining_time":2.282136787},
{"learn":[1944.631521],"iteration":601,"passed_time":3.442618144,"remaining_time":2.276016647},
{"learn":[1944.147022],"iteration":602,"passed_time":3.448006143,"remaining_time":2.270080329},
{"learn":[1943.411796],"iteration":603,"passed_time":3.453647346,"remaining_time":2.264311836},
{"learn":[1942.760469],"iteration":604,"passed_time":3.45891239,"remaining_time":2.258298172},
{"learn":[1941.974794],"iteration":605,"passed_time":3.464798184,"remaining_time":2.252690569},
{"learn":[1941.159928],"iteration":606,"passed_time":3.470096088,"remaining_time":2.246701421},
{"learn":[1940.756339],"iteration":607,"passed_time":3.475470132,"remaining_time":2.240763638},
{"learn":[1940.415386],"iteration":608,"passed_time":3.480116754,"remaining_time":2.234360674},
{"learn":[1939.618083],"iteration":609,"passed_time":3.485183587,"remaining_time":2.228232129},
{"learn":[1939.090812],"iteration":610,"passed_time":3.489952749,"remaining_time":2.221917544},
{"learn":[1938.556866],"iteration":611,"passed_time":3.495253047,"remaining_time":2.215944742},
{"learn":[1938.105154],"iteration":612,"passed_time":3.501033416,"remaining_time":2.210277214},
{"learn":[1937.239454],"iteration":613,"passed_time":3.506712126,"remaining_time":2.204545408},
{"learn":[1936.866373],"iteration":614,"passed_time":3.511853286,"remaining_time":2.198477261},
{"learn":[1936.428153],"iteration":615,"passed_time":3.517242192,"remaining_time":2.192566561},
{"learn":[1936.093712],"iteration":616,"passed_time":3.522213513,"remaining_time":2.18639834},
{"learn":[1935.771981],"iteration":617,"passed_time":3.528142487,"remaining_time":2.180825939},
{"learn":[1935.291364],"iteration":618,"passed_time":3.533276232,"remaining_time":2.174762915},
{"learn":[1934.49049],"iteration":619,"passed_time":3.53870928,"remaining_time":2.168886333},
{"learn":[1934.180085],"iteration":620,"passed_time":3.543830863,"remaining_time":2.16282109},
{"learn":[1933.453877],"iteration":621,"passed_time":3.548748017,"remaining_time":2.156634647},
{"learn":[1933.099393],"iteration":622,"passed_time":3.554501587,"remaining_time":2.150958424},
{"learn":[1932.686516],"iteration":623,"passed_time":3.559894234,"remaining_time":2.145064474},
{"learn":[1931.927346],"iteration":624,"passed_time":3.565092709,"remaining_time":2.139055625},
{"learn":[1931.282218],"iteration":625,"passed_time":3.570405803,"remaining_time":2.133117844},
{"learn":[1930.481931],"iteration":626,"passed_time":3.5752578,"remaining_time":2.12690775},
{"learn":[1929.885971],"iteration":627,"passed_time":3.580360941,"remaining_time":2.120850749},
{"learn":[1929.504189],"iteration":628,"passed_time":3.585466248,"remaining_time":2.114798057},
{"learn":[1929.355897],"iteration":629,"passed_time":3.590757364,"remaining_time":2.1088575},
{"learn":[1929.164549],"iteration":630,"passed_time":3.59603589,"remaining_time":2.102911638},
{"learn":[1928.919536],"iteration":631,"passed_time":3.601297389,"remaining_time":2.096957974},
{"learn":[1928.222143],"iteration":632,"passed_time":3.606037949,"remaining_time":2.090704467},
{"learn":[1927.98772],"iteration":633,"passed_time":3.610292272,"remaining_time":2.084175034},
{"learn":[1927.235066],"iteration":634,"passed_time":3.616203553,"remaining_time":2.078605192},
{"learn":[1927.056662],"iteration":635,"passed_time":3.621795388,"remaining_time":2.072851448},
{"learn":[1926.453664],"iteration":636,"passed_time":3.627352795,"remaining_time":2.067078594},
{"learn":[1925.971398],"iteration":637,"passed_time":3.633499372,"remaining_time":2.06164071},
{"learn":[1925.047549],"iteration":638,"passed_time":3.640115435,"remaining_time":2.056465841},
{"learn":[1924.739223],"iteration":639,"passed_time":3.646157372,"remaining_time":2.050963522},
{"learn":[1924.255727],"iteration":640,"passed_time":3.651927064,"remaining_time":2.045307045},
{"learn":[1923.699123],"iteration":641,"passed_time":3.658732598,"remaining_time":2.040227835},
{"learn":[1923.158503],"iteration":642,"passed_time":3.664155645,"remaining_time":2.034375685},
{"learn":[1922.283046],"iteration":643,"passed_time":3.670015194,"remaining_time":2.028766163},
{"learn":[1921.658218],"iteration":644,"passed_time":3.676039051,"remaining_time":2.023246299},
{"learn":[1921.414015],"iteration":645,"passed_time":3.681731764,"remaining_time":2.017543412},
{"learn":[1920.7957],"iteration":646,"passed_time":3.687488625,"remaining_time":2.011875556},
{"learn":[1920.444166],"iteration":647,"passed_time":3.693009196,"remaining_time":2.006079069},
{"learn":[1919.372482],"iteration":648,"passed_time":3.697698056,"remaining_time":1.999833617},
{"learn":[1919.15387],"iteration":649,"passed_time":3.703076901,"remaining_time":1.993964485},
{"learn":[1918.553797],"iteration":650,"passed_time":3.708612073,"remaining_time":1.988180666},
{"learn":[1917.916881],"iteration":651,"passed_time":3.713365923,"remaining_time":1.981980585},
{"learn":[1917.481219],"iteration":652,"passed_time":3.718490494,"remaining_time":1.975981932},
{"learn":[1916.836708],"iteration":653,"passed_time":3.723752234,"remaining_time":1.970058522},
{"learn":[1916.26715],"iteration":654,"passed_time":3.729086248,"remaining_time":1.964175199},
{"learn":[1916.002879],"iteration":655,"passed_time":3.733924116,"remaining_time":1.958033378},
{"learn":[1915.453196],"iteration":656,"passed_time":3.740520621,"remaining_time":1.952813658},
{"learn":[1914.726536],"iteration":657,"passed_time":3.746323476,"remaining_time":1.947177247},
{"learn":[1914.294097],"iteration":658,"passed_time":3.751838394,"remaining_time":1.941391339},
{"learn":[1913.944711],"iteration":659,"passed_time":3.756570188,"remaining_time":1.935202824},
{"learn":[1913.253145],"iteration":660,"passed_time":3.761493857,"remaining_time":1.929117122},
{"learn":[1912.526236],"iteration":661,"passed_time":3.766560115,"remaining_time":1.923107733},
{"learn":[1911.897271],"iteration":662,"passed_time":3.771811396,"remaining_time":1.917195234},
{"learn":[1911.330269],"iteration":663,"passed_time":3.776676574,"remaining_time":1.911089351},
{"learn":[1909.976822],"iteration":664,"passed_time":3.782380913,"remaining_time":1.905409934},
{"learn":[1909.381634],"iteration":665,"passed_time":3.787886144,"remaining_time":1.899630589},
{"learn":[1909.132952],"iteration":666,"passed_time":3.792843803,"remaining_time":1.89357869},
{"learn":[1908.737383],"iteration":667,"passed_time":3.79854112,"remaining_time":1.887897682},
{"learn":[1908.189312],"iteration":668,"passed_time":3.803711916,"remaining_time":1.88195612},
{"learn":[1907.607154],"iteration":669,"passed_time":3.808825033,"remaining_time":1.875988449},
{"learn":[1907.208306],"iteration":670,"passed_time":3.814797817,"remaining_time":1.870444831},
{"learn":[1906.764156],"iteration":671,"passed_time":3.82084282,"remaining_time":1.864935186},
{"learn":[1906.385385],"iteration":672,"passed_time":3.827981889,"remaining_time":1.859955539},
{"learn":[1905.699353],"iteration":673,"passed_time":3.833471305,"remaining_time":1.854171581},
{"learn":[1904.7656],"iteration":674,"passed_time":3.838744511,"remaining_time":1.848284394},
{"learn":[1904.621131],"iteration":675,"passed_time":3.844732117,"remaining_time":1.842741429},
{"learn":[1904.301577],"iteration":676,"passed_time":3.851456546,"remaining_time":1.837548692},
{"learn":[1903.834761],"iteration":677,"passed_time":3.857637316,"remaining_time":1.832093238},
{"learn":[1903.093004],"iteration":678,"passed_time":3.863382251,"remaining_time":1.826429606},
{"learn":[1902.68031],"iteration":679,"passed_time":3.868131016,"remaining_time":1.820296949},
{"learn":[1902.48316],"iteration":680,"passed_time":3.873343332,"remaining_time":1.814385496},
{"learn":[1902.065106],"iteration":681,"passed_time":3.879108151,"remaining_time":1.808733713},
{"learn":[1901.893965],"iteration":682,"passed_time":3.884915007,"remaining_time":1.803101109},
{"learn":[1901.574721],"iteration":683,"passed_time":3.890407155,"remaining_time":1.797322604},
{"learn":[1901.470258],"iteration":684,"passed_time":3.895329289,"remaining_time":1.791282812},
{"learn":[1901.296062],"iteration":685,"passed_time":3.90148767,"remaining_time":1.78581214},
{"learn":[1900.968674],"iteration":686,"passed_time":3.907312442,"remaining_time":1.780187473},
{"learn":[1900.178341],"iteration":687,"passed_time":3.913189729,"remaining_time":1.77458604},
{"learn":[1898.967467],"iteration":688,"passed_time":3.919054451,"remaining_time":1.768978134},
{"learn":[1898.750515],"iteration":689,"passed_time":3.92502673,"remaining_time":1.763417806},
{"learn":[1898.082814],"iteration":690,"passed_time":3.931005604,"remaining_time":1.757859235},
{"learn":[1897.886472],"iteration":691,"passed_time":3.936849991,"remaining_time":1.752239591},
{"learn":[1897.649481],"iteration":692,"passed_time":3.942435958,"remaining_time":1.746504818},
{"learn":[1897.26761],"iteration":693,"passed_time":3.948926293,"remaining_time":1.74116923},
{"learn":[1896.914143],"iteration":694,"passed_time":3.955041802,"remaining_time":1.735665827},
{"learn":[1896.495085],"iteration":695,"passed_time":3.961029687,"remaining_time":1.730104921},
{"learn":[1896.197552],"iteration":696,"passed_time":3.966210764,"remaining_time":1.724192054},
{"learn":[1895.74707],"iteration":697,"passed_time":3.972116043,"remaining_time":1.71859462},
{"learn":[1895.163817],"iteration":698,"passed_time":3.978599623,"remaining_time":1.713245331},
{"learn":[1894.394594],"iteration":699,"passed_time":3.984097211,"remaining_time":1.707470233},
{"learn":[1893.856512],"iteration":700,"passed_time":3.991674353,"remaining_time":1.702582927},
{"learn":[1893.207759],"iteration":701,"passed_time":3.998044782,"remaining_time":1.697175705},
{"learn":[1892.950697],"iteration":702,"passed_time":4.003726993,"remaining_time":1.691474989},
{"learn":[1892.031096],"iteration":703,"passed_time":4.009052757,"remaining_time":1.685624455},
{"learn":[1891.665371],"iteration":704,"passed_time":4.015169081,"remaining_time":1.680106211},
{"learn":[1891.289339],"iteration":705,"passed_time":4.02127469,"remaining_time":1.674581812},
{"learn":[1890.857902],"iteration":706,"passed_time":4.027462538,"remaining_time":1.66908985},
{"learn":[1890.472348],"iteration":707,"passed_time":4.033136636,"remaining_time":1.663384036},
{"learn":[1889.435225],"iteration":708,"passed_time":4.038324089,"remaining_time":1.657478575},
{"learn":[1888.955961],"iteration":709,"passed_time":4.043690546,"remaining_time":1.651648251},
{"learn":[1888.440912],"iteration":710,"passed_time":4.049339066,"remaining_time":1.645933882},
{"learn":[1887.967672],"iteration":711,"passed_time":4.055635887,"remaining_time":1.640481932},
{"learn":[1887.709459],"iteration":712,"passed_time":4.061697652,"remaining_time":1.634932996},
{"learn":[1887.393618],"iteration":713,"passed_time":4.067070297,"remaining_time":1.629106589},
{"learn":[1887.02501],"iteration":714,"passed_time":4.07236611,"remaining_time":1.623250827},
{"learn":[1885.929836],"iteration":715,"passed_time":4.077938471,"remaining_time":1.617506321},
{"learn":[1885.614603],"iteration":716,"passed_time":4.083498467,"remaining_time":1.611757414},
{"learn":[1885.313802],"iteration":717,"passed_time":4.089306682,"remaining_time":1.606106524},
{"learn":[1884.748656],"iteration":718,"passed_time":4.094751365,"remaining_time":1.60031312},
{"learn":[1884.527868],"iteration":719,"passed_time":4.100464227,"remaining_time":1.594624977},
{"learn":[1884.05431],"iteration":720,"passed_time":4.106557924,"remaining_time":1.589084134},
{"learn":[1883.768994],"iteration":721,"passed_time":4.112408783,"remaining_time":1.583448257},
{"learn":[1883.235968],"iteration":722,"passed_time":4.118015864,"remaining_time":1.577718388},
{"learn":[1882.790067],"iteration":723,"passed_time":4.123591379,"remaining_time":1.571976824},
{"learn":[1882.041751],"iteration":724,"passed_time":4.128927867,"remaining_time":1.566145053},
{"learn":[1881.633849],"iteration":725,"passed_time":4.134679569,"remaining_time":1.560471353},
{"learn":[1881.047406],"iteration":726,"passed_time":4.14020967,"remaining_time":1.554714223},
{"learn":[1880.515966],"iteration":727,"passed_time":4.145496964,"remaining_time":1.548866997},
{"learn":[1879.9577],"iteration":728,"passed_time":4.151428076,"remaining_time":1.543260643},
{"learn":[1879.667351],"iteration":729,"passed_time":4.158176839,"remaining_time":1.537955817},
{"learn":[1879.46529],"iteration":730,"passed_time":4.164405481,"remaining_time":1.532455642},
{"learn":[1878.878448],"iteration":731,"passed_time":4.169184278,"remaining_time":1.526422659},
{"learn":[1878.492817],"iteration":732,"passed_time":4.174116679,"remaining_time":1.52044905},
{"learn":[1877.730387],"iteration":733,"passed_time":4.179241784,"remaining_time":1.514548112},
{"learn":[1877.477863],"iteration":734,"passed_time":4.184238449,"remaining_time":1.508602978},
{"learn":[1877.067206],"iteration":735,"passed_time":4.1900573,"remaining_time":1.502955336},
{"learn":[1876.734753],"iteration":736,"passed_time":4.196105775,"remaining_time":1.497389171},
{"learn":[1876.137451],"iteration":737,"passed_time":4.203130929,"remaining_time":1.492168433},
{"learn":[1875.871352],"iteration":738,"passed_time":4.209390033,"remaining_time":1.486672258},
{"learn":[1875.121379],"iteration":739,"passed_time":4.217175987,"remaining_time":1.481710482},
{"learn":[1874.254833],"iteration":740,"passed_time":4.224403567,"remaining_time":1.476545916},
{"learn":[1873.851654],"iteration":741,"passed_time":4.231036345,"remaining_time":1.471168972},
{"learn":[1873.214939],"iteration":742,"passed_time":4.236922566,"remaining_time":1.465530416},
{"learn":[1872.743154],"iteration":743,"passed_time":4.242169074,"remaining_time":1.459671079},
{"learn":[1871.798699],"iteration":744,"passed_time":4.247144127,"remaining_time":1.453720473},
{"learn":[1871.630237],"iteration":745,"passed_time":4.252390003,"remaining_time":1.447864693},
{"learn":[1870.866066],"iteration":746,"passed_time":4.259144771,"remaining_time":1.442521589},
{"learn":[1870.46589],"iteration":747,"passed_time":4.265258764,"remaining_time":1.436958835},
{"learn":[1869.658775],"iteration":748,"passed_time":4.271126929,"remaining_time":1.431312229},
{"learn":[1869.339024],"iteration":749,"passed_time":4.279567408,"remaining_time":1.426522469},
{"learn":[1868.867404],"iteration":750,"passed_time":4.284768053,"remaining_time":1.420648795},
{"learn":[1868.327901],"iteration":751,"passed_time":4.290428488,"remaining_time":1.414928544},
{"learn":[1868.168557],"iteration":752,"passed_time":4.296788811,"remaining_time":1.40943803},
{"learn":[1867.767223],"iteration":753,"passed_time":4.303625017,"remaining_time":1.40410047},
{"learn":[1866.993529],"iteration":754,"passed_time":4.309123225,"remaining_time":1.398324755},
{"learn":[1866.437781],"iteration":755,"passed_time":4.315468899,"remaining_time":1.392823295},
{"learn":[1865.718908],"iteration":756,"passed_time":4.321284197,"remaining_time":1.387149353},
{"learn":[1865.349585],"iteration":757,"passed_time":4.328785149,"remaining_time":1.382013201},
{"learn":[1864.952378],"iteration":758,"passed_time":4.33453718,"remaining_time":1.376315495},
{"learn":[1864.538701],"iteration":759,"passed_time":4.340038018,"remaining_time":1.370538321},
{"learn":[1863.91607],"iteration":760,"passed_time":4.345100972,"remaining_time":1.364624353},
{"learn":[1863.578954],"iteration":761,"passed_time":4.350729767,"remaining_time":1.35888935},
{"learn":[1863.082421],"iteration":762,"passed_time":4.357131417,"remaining_time":1.353394687},
{"learn":[1862.702353],"iteration":763,"passed_time":4.36302477,"remaining_time":1.347740636},
{"learn":[1862.020604],"iteration":764,"passed_time":4.368666508,"remaining_time":1.342008666},
{"learn":[1861.795583],"iteration":765,"passed_time":4.374630311,"remaining_time":1.336375317},
{"learn":[1861.460995],"iteration":766,"passed_time":4.37952873,"remaining_time":1.330417463},
{"learn":[1861.005053],"iteration":767,"passed_time":4.384674946,"remaining_time":1.324537223},
{"learn":[1860.700357],"iteration":768,"passed_time":4.389957393,"remaining_time":1.318699815},
{"learn":[1860.308827],"iteration":769,"passed_time":4.395541633,"remaining_time":1.312953994},
{"learn":[1859.908183],"iteration":770,"passed_time":4.401245981,"remaining_time":1.307244267},
{"learn":[1859.681927],"iteration":771,"passed_time":4.406305588,"remaining_time":1.301344137},
{"learn":[1859.080877],"iteration":772,"passed_time":4.411619427,"remaining_time":1.295520841},
{"learn":[1858.633186],"iteration":773,"passed_time":4.416952417,"remaining_time":1.289704453},
{"learn":[1858.148731],"iteration":774,"passed_time":4.422457415,"remaining_time":1.28393925},
{"learn":[1857.757914],"iteration":775,"passed_time":4.427780109,"remaining_time":1.278122093},
{"learn":[1857.425733],"iteration":776,"passed_time":4.4330782,"remaining_time":1.272299149},
{"learn":[1857.239368],"iteration":777,"passed_time":4.439186816,"remaining_time":1.266708834},
{"learn":[1856.411116],"iteration":778,"passed_time":4.445461819,"remaining_time":1.261164393},
{"learn":[1855.474935],"iteration":779,"passed_time":4.451998666,"remaining_time":1.255691931},
{"learn":[1855.178054],"iteration":780,"passed_time":4.457078587,"remaining_time":1.249808208},
{"learn":[1854.81706],"iteration":781,"passed_time":4.462475655,"remaining_time":1.244014952},
{"learn":[1854.276774],"iteration":782,"passed_time":4.468177739,"remaining_time":1.238307241},
{"learn":[1853.695093],"iteration":783,"passed_time":4.473046517,"remaining_time":1.232369959},
{"learn":[1853.219796],"iteration":784,"passed_time":4.478280207,"remaining_time":1.226535343},
{"learn":[1852.682773],"iteration":785,"passed_time":4.483504832,"remaining_time":1.220699789},
{"learn":[1852.194218],"iteration":786,"passed_time":4.488789969,"remaining_time":1.214882164},
{"learn":[1851.644038],"iteration":787,"passed_time":4.493535859,"remaining_time":1.208920815},
{"learn":[1851.139829],"iteration":788,"passed_time":4.498492154,"remaining_time":1.203018814},
{"learn":[1850.73933],"iteration":789,"passed_time":4.503666488,"remaining_time":1.197177168},
{"learn":[1850.305043],"iteration":790,"passed_time":4.509531114,"remaining_time":1.191519599},
{"learn":[1849.93613],"iteration":791,"passed_time":4.515969963,"remaining_time":1.186012313},
{"learn":[1849.615021],"iteration":792,"passed_time":4.521183551,"remaining_time":1.180182844},
{"learn":[1848.937437],"iteration":793,"passed_time":4.526452367,"remaining_time":1.174369254},
{"learn":[1848.618672],"iteration":794,"passed_time":4.531604695,"remaining_time":1.168526997},
{"learn":[1848.407606],"iteration":795,"passed_time":4.536709143,"remaining_time":1.162674202},
{"learn":[1848.089884],"iteration":796,"passed_time":4.542330653,"remaining_time":1.156954984},
{"learn":[1847.78805],"iteration":797,"passed_time":4.547955633,"remaining_time":1.15123689},
{"learn":[1847.513269],"iteration":798,"passed_time":4.553000609,"remaining_time":1.145373119},
{"learn":[1847.328721],"iteration":799,"passed_time":4.559919773,"remaining_time":1.139979943},
{"learn":[1846.801964],"iteration":800,"passed_time":4.565321523,"remaining_time":1.134205971},
{"learn":[1846.156236],"iteration":801,"passed_time":4.570738392,"remaining_time":1.12843666},
{"learn":[1845.406252],"iteration":802,"passed_time":4.576344682,"remaining_time":1.122714698},
{"learn":[1844.92094],"iteration":803,"passed_time":4.581818349,"remaining_time":1.116960692},
{"learn":[1844.656536],"iteration":804,"passed_time":4.586796483,"remaining_time":1.111087347},
{"learn":[1843.988399],"iteration":805,"passed_time":4.592497518,"remaining_time":1.105390222},
{"learn":[1843.473679],"iteration":806,"passed_time":4.598118883,"remaining_time":1.099674033},
{"learn":[1842.998044],"iteration":807,"passed_time":4.603476346,"remaining_time":1.093895369},
{"learn":[1842.725048],"iteration":808,"passed_time":4.608655663,"remaining_time":1.088075688},
{"learn":[1841.859944],"iteration":809,"passed_time":4.613782718,"remaining_time":1.082245329},
{"learn":[1841.43877],"iteration":810,"passed_time":4.618954182,"remaining_time":1.076427054},
{"learn":[1841.04998],"iteration":811,"passed_time":4.624376572,"remaining_time":1.070668467},
{"learn":[1840.638999],"iteration":812,"passed_time":4.629714434,"remaining_time":1.064891266},
{"learn":[1840.582435],"iteration":813,"passed_time":4.63468255,"remaining_time":1.059030656},
{"learn":[1840.046049],"iteration":814,"passed_time":4.640166927,"remaining_time":1.053289425},
{"learn":[1839.735815],"iteration":815,"passed_time":4.646402211,"remaining_time":1.047718146},
{"learn":[1839.175821],"iteration":816,"passed_time":4.652028413,"remaining_time":1.042008812},
{"learn":[1838.774785],"iteration":817,"passed_time":4.656942234,"remaining_time":1.036141182},
{"learn":[1838.666397],"iteration":818,"passed_time":4.662235915,"remaining_time":1.03035983},
{"learn":[1838.143918],"iteration":819,"passed_time":4.667900018,"remaining_time":1.02466098},
{"learn":[1837.819813],"iteration":820,"passed_time":4.673284,"remaining_time":1.01890114},
{"learn":[1836.972751],"iteration":821,"passed_time":4.678490505,"remaining_time":1.013103783},
{"learn":[1836.634385],"iteration":822,"passed_time":4.684150704,"remaining_time":1.007405437},
{"learn":[1836.258449],"iteration":823,"passed_time":4.689461418,"remaining_time":1.001632536},
{"learn":[1836.250716],"iteration":824,"passed_time":4.695169986,"remaining_time":0.9959451486},
{"learn":[1835.857662],"iteration":825,"passed_time":4.70063296,"remaining_time":0.9902059746},
{"learn":[1835.617887],"iteration":826,"passed_time":4.706882668,"remaining_time":0.9846320455},
{"learn":[1835.489207],"iteration":827,"passed_time":4.712408567,"remaining_time":0.9789061275},
{"learn":[1835.162932],"iteration":828,"passed_time":4.717567192,"remaining_time":0.9731049334},
{"learn":[1834.949789],"iteration":829,"passed_time":4.72287256,"remaining_time":0.9673353437},
{"learn":[1834.554987],"iteration":830,"passed_time":4.728460406,"remaining_time":0.9616243185},
{"learn":[1834.098855],"iteration":831,"passed_time":4.734126818,"remaining_time":0.9559294535},
{"learn":[1833.818995],"iteration":832,"passed_time":4.739924701,"remaining_time":0.9502610146},
{"learn":[1833.333524],"iteration":833,"passed_time":4.745473859,"remaining_time":0.9445427584},
{"learn":[1832.973377],"iteration":834,"passed_time":4.750917436,"remaining_time":0.9388040443},
{"learn":[1832.807189],"iteration":835,"passed_time":4.757220968,"remaining_time":0.9332347353},
{"learn":[1832.566039],"iteration":836,"passed_time":4.762502851,"remaining_time":0.9274647128},
{"learn":[1831.918013],"iteration":837,"passed_time":4.767442394,"remaining_time":0.9216296751},
{"learn":[1831.167534],"iteration":838,"passed_time":4.772755997,"remaining_time":0.9158685524},
{"learn":[1830.756321],"iteration":839,"passed_time":4.778779781,"remaining_time":0.9102437677},
{"learn":[1830.324684],"iteration":840,"passed_time":4.784452075,"remaining_time":0.9045515814},
{"learn":[1830.065766],"iteration":841,"passed_time":4.789711999,"remaining_time":0.8987820616},
{"learn":[1829.4229],"iteration":842,"passed_time":4.795156672,"remaining_time":0.8930481583},
{"learn":[1828.731503],"iteration":843,"passed_time":4.801257301,"remaining_time":0.8874361836},
{"learn":[1828.451267],"iteration":844,"passed_time":4.807260104,"remaining_time":0.8818051078},
{"learn":[1827.825409],"iteration":845,"passed_time":4.812972579,"remaining_time":0.8761203039},
{"learn":[1827.22328],"iteration":846,"passed_time":4.818760556,"remaining_time":0.8704490733},
{"learn":[1826.629867],"iteration":847,"passed_time":4.824308246,"remaining_time":0.8647344969},
{"learn":[1825.950128],"iteration":848,"passed_time":4.829474179,"remaining_time":0.8589524158},
{"learn":[1825.764171],"iteration":849,"passed_time":4.834590186,"remaining_time":0.853162974},
{"learn":[1825.447069],"iteration":850,"passed_time":4.840985002,"remaining_time":0.8475990192},
{"learn":[1825.18946],"iteration":851,"passed_time":4.847568043,"remaining_time":0.8420658104},
{"learn":[1824.754781],"iteration":852,"passed_time":4.8534752,"remaining_time":0.8364136628},
{"learn":[1824.137852],"iteration":853,"passed_time":4.859108517,"remaining_time":0.8307141025},
{"learn":[1823.378876],"iteration":854,"passed_time":4.864626403,"remaining_time":0.824995121},
{"learn":[1823.27982],"iteration":855,"passed_time":4.869518315,"remaining_time":0.8191713053},
{"learn":[1822.894275],"iteration":856,"passed_time":4.875088374,"remaining_time":0.8134628209},
{"learn":[1822.662488],"iteration":857,"passed_time":4.880540989,"remaining_time":0.807735222},
{"learn":[1822.347023],"iteration":858,"passed_time":4.886054292,"remaining_time":0.8020182248},
{"learn":[1822.055206],"iteration":859,"passed_time":4.891202689,"remaining_time":0.7962422981},
{"learn":[1821.493634],"iteration":860,"passed_time":4.896689993,"remaining_time":0.7905225424},
{"learn":[1821.355633],"iteration":861,"passed_time":4.902375396,"remaining_time":0.7848350403},
{"learn":[1821.045743],"iteration":862,"passed_time":4.90873617,"remaining_time":0.7792547571},
{"learn":[1820.394237],"iteration":863,"passed_time":4.914584636,"remaining_time":0.7735920261},
{"learn":[1820.120494],"iteration":864,"passed_time":4.919950127,"remaining_time":0.767853488},
{"learn":[1819.967119],"iteration":865,"passed_time":4.925563337,"remaining_time":0.7621541422},
{"learn":[1819.874974],"iteration":866,"passed_time":4.930905875,"remaining_time":0.7564134733},
{"learn":[1819.634789],"iteration":867,"passed_time":4.936752731,"remaining_time":0.7507504154},
{"learn":[1819.319908],"iteration":868,"passed_time":4.942793763,"remaining_time":0.7451162059},
{"learn":[1818.949936],"iteration":869,"passed_time":4.948218062,"remaining_time":0.7393889058},
{"learn":[1818.504457],"iteration":870,"passed_time":4.953716501,"remaining_time":0.733673282},
{"learn":[1817.863881],"iteration":871,"passed_time":4.959179656,"remaining_time":0.727952977},
{"learn":[1817.409841],"iteration":872,"passed_time":4.96479429,"remaining_time":0.7222552976},
{"learn":[1817.077385],"iteration":873,"passed_time":4.969927305,"remaining_time":0.7164883758},
{"learn":[1816.736476],"iteration":874,"passed_time":4.975161593,"remaining_time":0.7107373704},
{"learn":[1816.441654],"iteration":875,"passed_time":4.980085603,"remaining_time":0.7049436241},
{"learn":[1815.998909],"iteration":876,"passed_time":4.985517744,"remaining_time":0.6992231272},
{"learn":[1815.830986],"iteration":877,"passed_time":4.990946273,"remaining_time":0.6935027851},
{"learn":[1815.054266],"iteration":878,"passed_time":4.996263949,"remaining_time":0.6877678473},
{"learn":[1814.694325],"iteration":879,"passed_time":5.001815066,"remaining_time":0.6820656909},
{"learn":[1814.209258],"iteration":880,"passed_time":5.007105609,"remaining_time":0.6763286804},
{"learn":[1813.865167],"iteration":881,"passed_time":5.01276017,"remaining_time":0.6706413833},
{"learn":[1813.500745],"iteration":882,"passed_time":5.018206467,"remaining_time":0.6649265647},
{"learn":[1813.190034],"iteration":883,"passed_time":5.023847906,"remaining_time":0.6592379605},
{"learn":[1812.773853],"iteration":884,"passed_time":5.029887517,"remaining_time":0.6536012028},
{"learn":[1812.46076],"iteration":885,"passed_time":5.035505267,"remaining_time":0.6479092556},
{"learn":[1811.856241],"iteration":886,"passed_time":5.041170328,"remaining_time":0.6422235029},
{"learn":[1811.529467],"iteration":887,"passed_time":5.046763166,"remaining_time":0.6365286876},
{"learn":[1811.018859],"iteration":888,"passed_time":5.052227378,"remaining_time":0.6308180415},
{"learn":[1810.785301],"iteration":889,"passed_time":5.057570403,"remaining_time":0.6250929711},
{"learn":[1810.240518],"iteration":890,"passed_time":5.062814431,"remaining_time":0.6193566476},
{"learn":[1810.031937],"iteration":891,"passed_time":5.068662618,"remaining_time":0.613694577},
{"learn":[1809.814031],"iteration":892,"passed_time":5.073822197,"remaining_time":0.6079495802},
{"learn":[1809.270617],"iteration":893,"passed_time":5.079178413,"remaining_time":0.6022292078},
{"learn":[1808.763648],"iteration":894,"passed_time":5.084923119,"remaining_time":0.5965552262},
{"learn":[1808.579566],"iteration":895,"passed_time":5.090157737,"remaining_time":0.5908218802},
{"learn":[1808.268246],"iteration":896,"passed_time":5.095496342,"remaining_time":0.5851015867},
{"learn":[1807.699951],"iteration":897,"passed_time":5.100459072,"remaining_time":0.5793394492},
{"learn":[1807.101132],"iteration":898,"passed_time":5.106113707,"remaining_time":0.5736568236},
{"learn":[1806.945801],"iteration":899,"passed_time":5.111204836,"remaining_time":0.5679116484},
{"learn":[1806.497753],"iteration":900,"passed_time":5.116646684,"remaining_time":0.5622064614},
{"learn":[1805.708991],"iteration":901,"passed_time":5.122385826,"remaining_time":0.5565341585},
{"learn":[1805.387873],"iteration":902,"passed_time":5.127980146,"remaining_time":0.5508461508},
{"learn":[1804.906478],"iteration":903,"passed_time":5.133050657,"remaining_time":0.5451027246},
{"learn":[1804.697514],"iteration":904,"passed_time":5.139071523,"remaining_time":0.5394605466},
{"learn":[1804.232737],"iteration":905,"passed_time":5.144709575,"remaining_time":0.5337778147},
{"learn":[1803.573483],"iteration":906,"passed_time":5.150344268,"remaining_time":0.5280948367},
{"learn":[1803.269686],"iteration":907,"passed_time":5.156297739,"remaining_time":0.5224442643},
{"learn":[1802.87161],"iteration":908,"passed_time":5.161275027,"remaining_time":0.5166952998},
{"learn":[1802.397392],"iteration":909,"passed_time":5.16665334,"remaining_time":0.510987693},
{"learn":[1802.095803],"iteration":910,"passed_time":5.171712128,"remaining_time":0.5052495932},
{"learn":[1801.275551],"iteration":911,"passed_time":5.177106786,"remaining_time":0.4995453916},
{"learn":[1801.025309],"iteration":912,"passed_time":5.182260981,"remaining_time":0.4938189544},
{"learn":[1800.827248],"iteration":913,"passed_time":5.18812923,"remaining_time":0.488160956},
{"learn":[1800.385176],"iteration":914,"passed_time":5.194608298,"remaining_time":0.4825592408},
{"learn":[1799.790552],"iteration":915,"passed_time":5.199989207,"remaining_time":0.4768549055},
{"learn":[1799.432043],"iteration":916,"passed_time":5.205549621,"remaining_time":0.4711675229},
{"learn":[1799.200109],"iteration":917,"passed_time":5.210684909,"remaining_time":0.4654424429},
{"learn":[1798.631059],"iteration":918,"passed_time":5.216113329,"remaining_time":0.4597444828},
{"learn":[1797.743545],"iteration":919,"passed_time":5.221405927,"remaining_time":0.454035298},
{"learn":[1797.509431],"iteration":920,"passed_time":5.226923276,"remaining_time":0.4483462962},
{"learn":[1796.95138],"iteration":921,"passed_time":5.233398736,"remaining_time":0.4427387217},
{"learn":[1796.580037],"iteration":922,"passed_time":5.239680491,"remaining_time":0.4371131071},
{"learn":[1796.296972],"iteration":923,"passed_time":5.244987808,"remaining_time":0.4314059236},
{"learn":[1795.759136],"iteration":924,"passed_time":5.250438928,"remaining_time":0.4257112644},
{"learn":[1795.282237],"iteration":925,"passed_time":5.255902165,"remaining_time":0.4200180996},
{"learn":[1794.876287],"iteration":926,"passed_time":5.261142553,"remaining_time":0.4143078817},
{"learn":[1794.550721],"iteration":927,"passed_time":5.266314379,"remaining_time":0.408593357},
{"learn":[1794.248709],"iteration":928,"passed_time":5.271929641,"remaining_time":0.4029138908},
{"learn":[1793.882594],"iteration":929,"passed_time":5.278050842,"remaining_time":0.397272644},
{"learn":[1793.168934],"iteration":930,"passed_time":5.284173224,"remaining_time":0.3916304537},
{"learn":[1792.80992],"iteration":931,"passed_time":5.289832146,"remaining_time":0.3859534184},
{"learn":[1792.630817],"iteration":932,"passed_time":5.295722149,"remaining_time":0.380293016},
{"learn":[1792.357563],"iteration":933,"passed_time":5.301236854,"remaining_time":0.3746056021},
{"learn":[1791.877925],"iteration":934,"passed_time":5.30711408,"remaining_time":0.3689437595},
{"learn":[1791.687705],"iteration":935,"passed_time":5.312355622,"remaining_time":0.3632379912},
{"learn":[1791.502689],"iteration":936,"passed_time":5.318261668,"remaining_time":0.3575778923},
{"learn":[1791.401341],"iteration":937,"passed_time":5.32396228,"remaining_time":0.3519036902},
{"learn":[1791.182473],"iteration":938,"passed_time":5.329513317,"remaining_time":0.3462197149},
{"learn":[1790.729265],"iteration":939,"passed_time":5.334950505,"remaining_time":0.3405287557},
{"learn":[1790.208978],"iteration":940,"passed_time":5.340583427,"remaining_time":0.3348506081},
{"learn":[1789.676487],"iteration":941,"passed_time":5.345991302,"remaining_time":0.3291587001},
{"learn":[1789.365589],"iteration":942,"passed_time":5.351810059,"remaining_time":0.3234922305},
{"learn":[1788.969277],"iteration":943,"passed_time":5.35734645,"remaining_time":0.3178086877},
{"learn":[1788.446108],"iteration":944,"passed_time":5.362952687,"remaining_time":0.3121295215},
{"learn":[1788.187413],"iteration":945,"passed_time":5.369151089,"remaining_time":0.3064843116},
{"learn":[1787.992217],"iteration":946,"passed_time":5.373696874,"remaining_time":0.3007454428},
{"learn":[1787.415623],"iteration":947,"passed_time":5.378968052,"remaining_time":0.2950488805},
{"learn":[1787.074138],"iteration":948,"passed_time":5.38435211,"remaining_time":0.2893592809},
{"learn":[1786.642143],"iteration":949,"passed_time":5.389738541,"remaining_time":0.2836704495},
{"learn":[1786.408433],"iteration":950,"passed_time":5.394717093,"remaining_time":0.2779612382},
{"learn":[1786.205663],"iteration":951,"passed_time":5.400041925,"remaining_time":0.2722710214},
{"learn":[1785.985152],"iteration":952,"passed_time":5.405266305,"remaining_time":0.2665766174},
{"learn":[1785.73926],"iteration":953,"passed_time":5.410197147,"remaining_time":0.2608690448},
{"learn":[1785.314945],"iteration":954,"passed_time":5.415912164,"remaining_time":0.2552000496},
{"learn":[1785.114412],"iteration":955,"passed_time":5.421441433,"remaining_time":0.2495224091},
{"learn":[1784.722866],"iteration":956,"passed_time":5.427109195,"remaining_time":0.2438513014},
{"learn":[1784.504701],"iteration":957,"passed_time":5.432929383,"remaining_time":0.2381868832},
{"learn":[1784.242899],"iteration":958,"passed_time":5.438702348,"remaining_time":0.2325201212},
{"learn":[1783.680204],"iteration":959,"passed_time":5.445340218,"remaining_time":0.2268891758},
{"learn":[1783.30476],"iteration":960,"passed_time":5.451271557,"remaining_time":0.2212274617},
{"learn":[1783.070273],"iteration":961,"passed_time":5.456194853,"remaining_time":0.2155253684},
{"learn":[1782.923421],"iteration":962,"passed_time":5.461534157,"remaining_time":0.2098408762},
{"learn":[1782.702212],"iteration":963,"passed_time":5.466599538,"remaining_time":0.2041468707},
{"learn":[1782.333465],"iteration":964,"passed_time":5.471461738,"remaining_time":0.1984467988},
{"learn":[1782.071164],"iteration":965,"passed_time":5.475924663,"remaining_time":0.1927344084},
{"learn":[1781.844709],"iteration":966,"passed_time":5.481418665,"remaining_time":0.187059789},
{"learn":[1781.17946],"iteration":967,"passed_time":5.486938074,"remaining_time":0.1813863826},
{"learn":[1780.87197],"iteration":968,"passed_time":5.492428414,"remaining_time":0.1757123641},
{"learn":[1780.450362],"iteration":969,"passed_time":5.497952138,"remaining_time":0.1700397569},
{"learn":[1780.081428],"iteration":970,"passed_time":5.50339712,"remaining_time":0.1643651045},
{"learn":[1779.841305],"iteration":971,"passed_time":5.508255892,"remaining_time":0.158674038},
{"learn":[1779.616935],"iteration":972,"passed_time":5.513973536,"remaining_time":0.1530085154},
{"learn":[1779.456252],"iteration":973,"passed_time":5.519510392,"remaining_time":0.1473380598},
{"learn":[1779.303767],"iteration":974,"passed_time":5.524760239,"remaining_time":0.1416605189},
{"learn":[1778.867887],"iteration":975,"passed_time":5.530273639,"remaining_time":0.1359903354},
{"learn":[1778.488844],"iteration":976,"passed_time":5.535458262,"remaining_time":0.1303127329},
{"learn":[1778.366245],"iteration":977,"passed_time":5.54064588,"remaining_time":0.1246362059},
{"learn":[1777.79301],"iteration":978,"passed_time":5.546196339,"remaining_time":0.1189684608},
{"learn":[1777.41656],"iteration":979,"passed_time":5.551628243,"remaining_time":0.1132985356},
{"learn":[1777.085156],"iteration":980,"passed_time":5.556993147,"remaining_time":0.107627798},
{"learn":[1777.015294],"iteration":981,"passed_time":5.562409292,"remaining_time":0.1019586225},
{"learn":[1776.725393],"iteration":982,"passed_time":5.567847785,"remaining_time":0.09629034826},
{"learn":[1776.105495],"iteration":983,"passed_time":5.573658892,"remaining_time":0.09062859987},
{"learn":[1775.789886],"iteration":984,"passed_time":5.579523201,"remaining_time":0.08496735839},
{"learn":[1775.42701],"iteration":985,"passed_time":5.585421742,"remaining_time":0.07930619106},
{"learn":[1775.07619],"iteration":986,"passed_time":5.590570358,"remaining_time":0.0736346653},
{"learn":[1774.522213],"iteration":987,"passed_time":5.59566351,"remaining_time":0.06796352442},
{"learn":[1774.281687],"iteration":988,"passed_time":5.600589435,"remaining_time":0.0622916924},
{"learn":[1773.865026],"iteration":989,"passed_time":5.605675798,"remaining_time":0.05662298785},
{"learn":[1773.177508],"iteration":990,"passed_time":5.610950135,"remaining_time":0.05095716571},
{"learn":[1772.807571],"iteration":991,"passed_time":5.616419778,"remaining_time":0.04529370788},
{"learn":[1772.454454],"iteration":992,"passed_time":5.621331241,"remaining_time":0.03962670562},
{"learn":[1772.265907],"iteration":993,"passed_time":5.626698628,"remaining_time":0.03396397562},
{"learn":[1772.046298],"iteration":994,"passed_time":5.632422654,"remaining_time":0.02830363143},
{"learn":[1771.204411],"iteration":995,"passed_time":5.63822633,"remaining_time":0.02264347924},
{"learn":[1770.904823],"iteration":996,"passed_time":5.643690718,"remaining_time":0.01698201821},
{"learn":[1770.450088],"iteration":997,"passed_time":5.649198058,"remaining_time":0.01132103819},
{"learn":[1770.134618],"iteration":998,"passed_time":5.655700223,"remaining_time":0.005661361585},
{"learn":[1769.834338],"iteration":999,"passed_time":5.662223322,"remaining_time":0}
]}